{
    "api_description": {
        "title": "RESTful API",
        "summary": "This RESTful API document is generated by <a class=\"wistool\" href=\"https://github.com/Wisdom-Projects/rest-client\">Wisdom RESTClient."
    },
    "api_list": [
        {
            "api_summary": {
                "title": "apidoc sample",
                "method": "GET",
                "path": "/apidoc/sample"
            },
            "api_request": {
                "header": "Content-Type : application/json; charset=UTF-8\r\nAccept : application/json\r\n",
                "model": "Here is request model",
                "example": "Here is request example"
            },
            "api_response": [
                {
                    "status": "HTTP/1.1 200",
                    "code": 200,
                    "message": "OK",
                    "model": "Here is response model",
                    "example": "Here is response example"
                },
                {
                    "status": "HTTP/1.1 200",
                    "code": 200,
                    "message": "OK",
                    "model": "Here is response model",
                    "example": "Here is response example"
                }
            ]
        }
    ]
}