{
  "hists" : [ {
    "key" : "42082b74-c44c-4998-9a87-8ab687de4074",
    "descr" : "-",
    "assertBdy" : true,
    "result" : null,
    "cause" : null,
    "excludedNodes" : null,
    "request" : {
      "url" : "http://localhost:8080/actionmall/mgr/user/finduserlist.do",
      "method" : "GET",
      "body" : "",
      "date" : "2019-03-25 16:13:55.048",
      "headers" : {
        "Content-Type" : "application/json; charset=UTF-8",
        "Accept" : "application/json,application/xml,application/xhtml+xml,text/html,text/xml,text/plain",
        "Cookie" : "JSESSIONID=CBA757A4D999AB6E3BCF7CEAB72B4C9F"
      },
      "cookies" : {
        "JSESSIONID" : "CBA757A4D999AB6E3BCF7CEAB72B4C9F"
      }
    },
    "response" : {
      "body" : "{\"status\":0,\"data\":[{\"id\":1,\"account\":\"admin\",\"name\":\"\",\"sex\":\"女\",\"age\":0,\"phone\":\"1\",\"email\":\"1\"},{\"id\":2,\"account\":\"admin01\",\"name\":\"\",\"sex\":\"女\",\"age\":0,\"phone\":\"123456789\",\"email\":\"action@action.cn\"},{\"id\":3,\"account\":\"action01\",\"name\":null,\"sex\":\"女\",\"age\":23,\"phone\":\"1556688999\",\"email\":\"action01@action.cn\"},{\"id\":4,\"account\":\"action02\",\"name\":\"沈辉\",\"sex\":\"女\",\"age\":20,\"phone\":\"123456789\",\"email\":\"action02@action.cn\"},{\"id\":5,\"account\":\"zhangsan\",\"name\":\"张三\",\"sex\":\"男\",\"age\":35,\"phone\":\"13356896698\",\"email\":\"zhangsan@sohu.com\"},{\"id\":6,\"account\":\"lisi\",\"name\":null,\"sex\":\"男\",\"age\":20,\"phone\":\"12222222222\",\"email\":\"lisi@163.com\"}]}",
      "headers" : {
        "Transfer-Encoding" : "chunked",
        "Access-Control-Allow-Methods" : "POST, GET, OPTIONS, DELETE",
        "Access-Control-Allow-Credentials" : "true",
        "Access-Control-Max-Age" : "0",
        "Access-Control-Allow-Headers" : "Origin, No-Cache, X-Requested-With, If-Modified-Since, Pragma, Last-Modified, Cache-Control, Expires, Content-Type, X-E4M-With,userId,token",
        "Date" : "Mon, 25 Mar 2019 08:14:02 GMT",
        "XDomainRequestAllowed" : "1",
        "Content-Type" : "application/json;charset=UTF-8"
      },
      "date" : "2019-03-25 16:13:56.017",
      "time" : 6207,
      "status" : "HTTP/1.1 200 ",
      "statusCode" : 200,
      "raw_text" : "== REQUEST  ==\r\n\r\nGET http://localhost:8080/actionmall/mgr/user/finduserlist.do\r\n\r\n-- HEADERS  --\r\nContent-Type : application/json; charset=UTF-8\r\nAccept : application/json,application/xml,application/xhtml+xml,text/html,text/xml,text/plain\r\nCookie : JSESSIONID=CBA757A4D999AB6E3BCF7CEAB72B4C9F\r\n\r\n== RESPONSE ==\r\n\r\nHTTP/1.1 200 \r\n\r\n-- HEADERS  --\r\nTransfer-Encoding : chunked\r\nAccess-Control-Allow-Methods : POST, GET, OPTIONS, DELETE\r\nAccess-Control-Allow-Credentials : true\r\nAccess-Control-Max-Age : 0\r\nAccess-Control-Allow-Headers : Origin, No-Cache, X-Requested-With, If-Modified-Since, Pragma, Last-Modified, Cache-Control, Expires, Content-Type, X-E4M-With,userId,token\r\nDate : Mon, 25 Mar 2019 08:14:02 GMT\r\nXDomainRequestAllowed : 1\r\nContent-Type : application/json;charset=UTF-8\r\n\r\n--   BODY   --\r\n{\"status\":0,\"data\":[{\"id\":1,\"account\":\"admin\",\"name\":\"\",\"sex\":\"女\",\"age\":0,\"phone\":\"1\",\"email\":\"1\"},{\"id\":2,\"account\":\"admin01\",\"name\":\"\",\"sex\":\"女\",\"age\":0,\"phone\":\"123456789\",\"email\":\"action@action.cn\"},{\"id\":3,\"account\":\"action01\",\"name\":null,\"sex\":\"女\",\"age\":23,\"phone\":\"1556688999\",\"email\":\"action01@action.cn\"},{\"id\":4,\"account\":\"action02\",\"name\":\"沈辉\",\"sex\":\"女\",\"age\":20,\"phone\":\"123456789\",\"email\":\"action02@action.cn\"},{\"id\":5,\"account\":\"zhangsan\",\"name\":\"张三\",\"sex\":\"男\",\"age\":35,\"phone\":\"13356896698\",\"email\":\"zhangsan@sohu.com\"},{\"id\":6,\"account\":\"lisi\",\"name\":null,\"sex\":\"男\",\"age\":20,\"phone\":\"12222222222\",\"email\":\"lisi@163.com\"}]}\r\n"
    }
  }, {
    "key" : "3f67f2eb-3c35-40fc-876d-2f5e11a3310f",
    "descr" : "",
    "assertBdy" : true,
    "result" : null,
    "cause" : null,
    "excludedNodes" : null,
    "request" : {
      "url" : "http://localhost:8080/actionmall/mgr/user/finduserlist.do",
      "method" : "GET",
      "body" : "",
      "date" : "2019-03-25 16:19:15.761",
      "headers" : {
        "Accept" : "application/json,application/xml,application/xhtml+xml,text/html,text/xml,text/plain",
        "Content-Type" : "application/json; charset=UTF-8",
        "Cookie" : "JSESSIONID=CBA757A4D999AB6E3BCF7CEAB72B4C9F"
      },
      "cookies" : {
        "JSESSIONID" : "CBA757A4D999AB6E3BCF7CEAB72B4C9F"
      }
    },
    "response" : {
      "body" : "{\"status\":2,\"msg\":\"请登录后在进行操作！\"}",
      "headers" : {
        "Transfer-Encoding" : "chunked",
        "Access-Control-Allow-Methods" : "POST, GET, OPTIONS, DELETE",
        "Access-Control-Allow-Credentials" : "true",
        "Access-Control-Max-Age" : "0",
        "Access-Control-Allow-Headers" : "Origin, No-Cache, X-Requested-With, If-Modified-Since, Pragma, Last-Modified, Cache-Control, Expires, Content-Type, X-E4M-With,userId,token",
        "Date" : "Mon, 25 Mar 2019 08:19:15 GMT",
        "XDomainRequestAllowed" : "1",
        "Content-Type" : "application/json;charset=UTF-8"
      },
      "date" : "2019-03-25 16:19:15.763",
      "time" : 15,
      "status" : "HTTP/1.1 200 ",
      "statusCode" : 200,
      "raw_text" : "== REQUEST  ==\r\n\r\nGET http://localhost:8080/actionmall/mgr/user/finduserlist.do\r\n\r\n-- HEADERS  --\r\nAccept : application/json,application/xml,application/xhtml+xml,text/html,text/xml,text/plain\r\nContent-Type : application/json; charset=UTF-8\r\nCookie : JSESSIONID=CBA757A4D999AB6E3BCF7CEAB72B4C9F\r\n\r\n== RESPONSE ==\r\n\r\nHTTP/1.1 200 \r\n\r\n-- HEADERS  --\r\nTransfer-Encoding : chunked\r\nAccess-Control-Allow-Methods : POST, GET, OPTIONS, DELETE\r\nAccess-Control-Allow-Credentials : true\r\nAccess-Control-Max-Age : 0\r\nAccess-Control-Allow-Headers : Origin, No-Cache, X-Requested-With, If-Modified-Since, Pragma, Last-Modified, Cache-Control, Expires, Content-Type, X-E4M-With,userId,token\r\nDate : Mon, 25 Mar 2019 08:19:15 GMT\r\nXDomainRequestAllowed : 1\r\nContent-Type : application/json;charset=UTF-8\r\n\r\n--   BODY   --\r\n{\"status\":2,\"msg\":\"请登录后在进行操作！\"}\r\n"
    }
  }, {
    "key" : "2138fdf9-ba55-4ca4-b3cf-15cb679d1261",
    "descr" : "",
    "assertBdy" : true,
    "result" : null,
    "cause" : null,
    "excludedNodes" : null,
    "request" : {
      "url" : "http://localhost:8080/actionmall/mgr/user/login.do",
      "method" : "POST",
      "body" : "{\n \"account\":admin01,\n \"password\":1234\n}",
      "date" : "2019-03-25 16:47:26.193",
      "headers" : {
        "Accept" : "application/json,application/xml,application/xhtml+xml,text/html,text/xml,text/plain",
        "Content-Type" : "application/json; charset=UTF-8",
        "Cookie" : "JSESSIONID=CBA757A4D999AB6E3BCF7CEAB72B4C9F"
      },
      "cookies" : {
        "JSESSIONID" : "CBA757A4D999AB6E3BCF7CEAB72B4C9F"
      }
    },
    "response" : {
      "body" : "{\"status\":1,\"msg\":\"用户不存在！\"}",
      "headers" : {
        "Transfer-Encoding" : "chunked",
        "Access-Control-Allow-Methods" : "POST, GET, OPTIONS, DELETE",
        "Access-Control-Allow-Credentials" : "true",
        "Access-Control-Max-Age" : "0",
        "Access-Control-Allow-Headers" : "Origin, No-Cache, X-Requested-With, If-Modified-Since, Pragma, Last-Modified, Cache-Control, Expires, Content-Type, X-E4M-With,userId,token",
        "Date" : "Mon, 25 Mar 2019 08:47:26 GMT",
        "XDomainRequestAllowed" : "1",
        "Content-Type" : "application/json;charset=UTF-8"
      },
      "date" : "2019-03-25 16:47:26.210",
      "time" : 36,
      "status" : "HTTP/1.1 200 ",
      "statusCode" : 200,
      "raw_text" : "== REQUEST  ==\r\n\r\nPOST http://localhost:8080/actionmall/mgr/user/login.do\r\n\r\n-- HEADERS  --\r\nAccept : application/json,application/xml,application/xhtml+xml,text/html,text/xml,text/plain\r\nContent-Type : application/json; charset=UTF-8\r\nCookie : JSESSIONID=CBA757A4D999AB6E3BCF7CEAB72B4C9F\r\n\r\n--   BODY   --\r\n{\n \"account\":admin01,\n \"password\":1234\n}\r\n\r\n== RESPONSE ==\r\n\r\nHTTP/1.1 200 \r\n\r\n-- HEADERS  --\r\nTransfer-Encoding : chunked\r\nAccess-Control-Allow-Methods : POST, GET, OPTIONS, DELETE\r\nAccess-Control-Allow-Credentials : true\r\nAccess-Control-Max-Age : 0\r\nAccess-Control-Allow-Headers : Origin, No-Cache, X-Requested-With, If-Modified-Since, Pragma, Last-Modified, Cache-Control, Expires, Content-Type, X-E4M-With,userId,token\r\nDate : Mon, 25 Mar 2019 08:47:26 GMT\r\nXDomainRequestAllowed : 1\r\nContent-Type : application/json;charset=UTF-8\r\n\r\n--   BODY   --\r\n{\"status\":1,\"msg\":\"用户不存在！\"}\r\n"
    }
  }, {
    "key" : "4330e33f-8761-45f9-97aa-03ef7c9867f9",
    "descr" : "",
    "assertBdy" : true,
    "result" : null,
    "cause" : null,
    "excludedNodes" : null,
    "request" : {
      "url" : "http://localhost:8080/actionmall/mgr/user/login.do",
      "method" : "POST",
      "body" : "{\n \"account\":\"admin01\",\n \"password\":\"1234\"\n}",
      "date" : "2019-03-25 16:47:48.176",
      "headers" : {
        "Accept" : "application/json,application/xml,application/xhtml+xml,text/html,text/xml,text/plain",
        "Content-Type" : "application/json; charset=UTF-8",
        "Cookie" : "JSESSIONID=CBA757A4D999AB6E3BCF7CEAB72B4C9F"
      },
      "cookies" : {
        "JSESSIONID" : "CBA757A4D999AB6E3BCF7CEAB72B4C9F"
      }
    },
    "response" : {
      "body" : "{\"status\":1,\"msg\":\"用户不存在！\"}",
      "headers" : {
        "Transfer-Encoding" : "chunked",
        "Access-Control-Allow-Methods" : "POST, GET, OPTIONS, DELETE",
        "Access-Control-Allow-Credentials" : "true",
        "Access-Control-Max-Age" : "0",
        "Access-Control-Allow-Headers" : "Origin, No-Cache, X-Requested-With, If-Modified-Since, Pragma, Last-Modified, Cache-Control, Expires, Content-Type, X-E4M-With,userId,token",
        "Date" : "Mon, 25 Mar 2019 08:47:48 GMT",
        "XDomainRequestAllowed" : "1",
        "Content-Type" : "application/json;charset=UTF-8"
      },
      "date" : "2019-03-25 16:47:48.178",
      "time" : 12,
      "status" : "HTTP/1.1 200 ",
      "statusCode" : 200,
      "raw_text" : "== REQUEST  ==\r\n\r\nPOST http://localhost:8080/actionmall/mgr/user/login.do\r\n\r\n-- HEADERS  --\r\nAccept : application/json,application/xml,application/xhtml+xml,text/html,text/xml,text/plain\r\nContent-Type : application/json; charset=UTF-8\r\nCookie : JSESSIONID=CBA757A4D999AB6E3BCF7CEAB72B4C9F\r\n\r\n--   BODY   --\r\n{\n \"account\":\"admin01\",\n \"password\":\"1234\"\n}\r\n\r\n== RESPONSE ==\r\n\r\nHTTP/1.1 200 \r\n\r\n-- HEADERS  --\r\nTransfer-Encoding : chunked\r\nAccess-Control-Allow-Methods : POST, GET, OPTIONS, DELETE\r\nAccess-Control-Allow-Credentials : true\r\nAccess-Control-Max-Age : 0\r\nAccess-Control-Allow-Headers : Origin, No-Cache, X-Requested-With, If-Modified-Since, Pragma, Last-Modified, Cache-Control, Expires, Content-Type, X-E4M-With,userId,token\r\nDate : Mon, 25 Mar 2019 08:47:48 GMT\r\nXDomainRequestAllowed : 1\r\nContent-Type : application/json;charset=UTF-8\r\n\r\n--   BODY   --\r\n{\"status\":1,\"msg\":\"用户不存在！\"}\r\n"
    }
  }, {
    "key" : "e9d0a86c-08ad-4e20-ae78-e034a75cc8c3",
    "descr" : "",
    "assertBdy" : true,
    "result" : null,
    "cause" : null,
    "excludedNodes" : null,
    "request" : {
      "url" : "http://localhost:8080/actionmall/mgr/user/login.do",
      "method" : "POST",
      "body" : "{\n \"account\":\"admin01\",\n \"password\":\"1234\"\n}",
      "date" : "2019-03-25 16:48:50.625",
      "headers" : {
        "Accept" : "application/json,application/xml,application/xhtml+xml,text/html,text/xml,text/plain",
        "Content-Type" : "application/json; charset=UTF-8",
        "Cookie" : "JSESSIONID=CBA757A4D999AB6E3BCF7CEAB72B4C9F"
      },
      "cookies" : {
        "JSESSIONID" : "CBA757A4D999AB6E3BCF7CEAB72B4C9F"
      }
    },
    "response" : {
      "body" : "{\"status\":1,\"msg\":\"用户不存在！\"}",
      "headers" : {
        "Transfer-Encoding" : "chunked",
        "Access-Control-Allow-Methods" : "POST, GET, OPTIONS, DELETE",
        "Access-Control-Allow-Credentials" : "true",
        "Access-Control-Max-Age" : "0",
        "Access-Control-Allow-Headers" : "Origin, No-Cache, X-Requested-With, If-Modified-Since, Pragma, Last-Modified, Cache-Control, Expires, Content-Type, X-E4M-With,userId,token",
        "Date" : "Mon, 25 Mar 2019 08:50:10 GMT",
        "XDomainRequestAllowed" : "1",
        "Content-Type" : "application/json;charset=UTF-8"
      },
      "date" : "2019-03-25 16:48:50.627",
      "time" : 79635,
      "status" : "HTTP/1.1 200 ",
      "statusCode" : 200,
      "raw_text" : "== REQUEST  ==\r\n\r\nPOST http://localhost:8080/actionmall/mgr/user/login.do\r\n\r\n-- HEADERS  --\r\nAccept : application/json,application/xml,application/xhtml+xml,text/html,text/xml,text/plain\r\nContent-Type : application/json; charset=UTF-8\r\nCookie : JSESSIONID=CBA757A4D999AB6E3BCF7CEAB72B4C9F\r\n\r\n--   BODY   --\r\n{\n \"account\":\"admin01\",\n \"password\":\"1234\"\n}\r\n\r\n== RESPONSE ==\r\n\r\nHTTP/1.1 200 \r\n\r\n-- HEADERS  --\r\nTransfer-Encoding : chunked\r\nAccess-Control-Allow-Methods : POST, GET, OPTIONS, DELETE\r\nAccess-Control-Allow-Credentials : true\r\nAccess-Control-Max-Age : 0\r\nAccess-Control-Allow-Headers : Origin, No-Cache, X-Requested-With, If-Modified-Since, Pragma, Last-Modified, Cache-Control, Expires, Content-Type, X-E4M-With,userId,token\r\nDate : Mon, 25 Mar 2019 08:50:10 GMT\r\nXDomainRequestAllowed : 1\r\nContent-Type : application/json;charset=UTF-8\r\n\r\n--   BODY   --\r\n{\"status\":1,\"msg\":\"用户不存在！\"}\r\n"
    }
  }, {
    "key" : "f79e7c7e-2fb9-4c1e-b85a-6ebe53be6177",
    "descr" : "",
    "assertBdy" : true,
    "result" : null,
    "cause" : null,
    "excludedNodes" : null,
    "request" : {
      "url" : "http://localhost:8080/actionmall/mgr/user/login.do",
      "method" : "POST",
      "body" : "[{\n \"account\":\"admin01\",\n \"password\":\"1234\"\n}]",
      "date" : "2019-03-25 16:51:31.426",
      "headers" : {
        "Accept" : "application/json,application/xml,application/xhtml+xml,text/html,text/xml,text/plain",
        "Content-Type" : "application/json; charset=UTF-8"
      },
      "cookies" : { }
    },
    "response" : {
      "body" : "{\"status\":1,\"msg\":\"用户不存在！\"}",
      "headers" : {
        "Transfer-Encoding" : "chunked",
        "Access-Control-Allow-Methods" : "POST, GET, OPTIONS, DELETE",
        "Access-Control-Allow-Credentials" : "true",
        "Set-Cookie" : "JSESSIONID=F7932B2D220B0792536FC52C45358F25; Path=/actionmall; HttpOnly",
        "Access-Control-Max-Age" : "0",
        "Access-Control-Allow-Headers" : "Origin, No-Cache, X-Requested-With, If-Modified-Since, Pragma, Last-Modified, Cache-Control, Expires, Content-Type, X-E4M-With,userId,token",
        "Date" : "Mon, 25 Mar 2019 08:51:41 GMT",
        "XDomainRequestAllowed" : "1",
        "Content-Type" : "application/json;charset=UTF-8"
      },
      "date" : "2019-03-25 16:51:31.428",
      "time" : 9806,
      "status" : "HTTP/1.1 200 ",
      "statusCode" : 200,
      "raw_text" : "== REQUEST  ==\r\n\r\nPOST http://localhost:8080/actionmall/mgr/user/login.do\r\n\r\n-- HEADERS  --\r\nAccept : application/json,application/xml,application/xhtml+xml,text/html,text/xml,text/plain\r\nContent-Type : application/json; charset=UTF-8\r\n\r\n--   BODY   --\r\n[{\n \"account\":\"admin01\",\n \"password\":\"1234\"\n}]\r\n\r\n== RESPONSE ==\r\n\r\nHTTP/1.1 200 \r\n\r\n-- HEADERS  --\r\nTransfer-Encoding : chunked\r\nAccess-Control-Allow-Methods : POST, GET, OPTIONS, DELETE\r\nAccess-Control-Allow-Credentials : true\r\nSet-Cookie : JSESSIONID=F7932B2D220B0792536FC52C45358F25; Path=/actionmall; HttpOnly\r\nAccess-Control-Max-Age : 0\r\nAccess-Control-Allow-Headers : Origin, No-Cache, X-Requested-With, If-Modified-Since, Pragma, Last-Modified, Cache-Control, Expires, Content-Type, X-E4M-With,userId,token\r\nDate : Mon, 25 Mar 2019 08:51:41 GMT\r\nXDomainRequestAllowed : 1\r\nContent-Type : application/json;charset=UTF-8\r\n\r\n--   BODY   --\r\n{\"status\":1,\"msg\":\"用户不存在！\"}\r\n"
    }
  }, {
    "key" : "edb442b5-96d0-40ee-830f-e8b8b8b4e56e",
    "descr" : "",
    "assertBdy" : true,
    "result" : null,
    "cause" : null,
    "excludedNodes" : null,
    "request" : {
      "url" : "http://localhost:8080/actionmall/mgr/user/login.do",
      "method" : "POST",
      "body" : "{\n \"account\":\"admin01\",\n \"password\":\"1234\"\n}",
      "date" : "2019-03-25 16:53:04.617",
      "headers" : {
        "Accept" : "application/json,application/xml,application/xhtml+xml,text/html,text/xml,text/plain",
        "Content-Type" : "application/json; charset=UTF-8"
      },
      "cookies" : { }
    },
    "response" : {
      "body" : "{\"status\":1,\"msg\":\"用户不存在！\"}",
      "headers" : {
        "Transfer-Encoding" : "chunked",
        "Access-Control-Allow-Methods" : "POST, GET, OPTIONS, DELETE",
        "Access-Control-Allow-Credentials" : "true",
        "Access-Control-Max-Age" : "0",
        "Access-Control-Allow-Headers" : "Origin, No-Cache, X-Requested-With, If-Modified-Since, Pragma, Last-Modified, Cache-Control, Expires, Content-Type, X-E4M-With,userId,token",
        "Date" : "Mon, 25 Mar 2019 08:53:16 GMT",
        "XDomainRequestAllowed" : "1",
        "Content-Type" : "application/json;charset=UTF-8"
      },
      "date" : "2019-03-25 16:53:04.620",
      "time" : 11850,
      "status" : "HTTP/1.1 200 ",
      "statusCode" : 200,
      "raw_text" : "== REQUEST  ==\r\n\r\nPOST http://localhost:8080/actionmall/mgr/user/login.do\r\n\r\n-- HEADERS  --\r\nAccept : application/json,application/xml,application/xhtml+xml,text/html,text/xml,text/plain\r\nContent-Type : application/json; charset=UTF-8\r\n\r\n--   BODY   --\r\n{\n \"account\":\"admin01\",\n \"password\":\"1234\"\n}\r\n\r\n== RESPONSE ==\r\n\r\nHTTP/1.1 200 \r\n\r\n-- HEADERS  --\r\nTransfer-Encoding : chunked\r\nAccess-Control-Allow-Methods : POST, GET, OPTIONS, DELETE\r\nAccess-Control-Allow-Credentials : true\r\nAccess-Control-Max-Age : 0\r\nAccess-Control-Allow-Headers : Origin, No-Cache, X-Requested-With, If-Modified-Since, Pragma, Last-Modified, Cache-Control, Expires, Content-Type, X-E4M-With,userId,token\r\nDate : Mon, 25 Mar 2019 08:53:16 GMT\r\nXDomainRequestAllowed : 1\r\nContent-Type : application/json;charset=UTF-8\r\n\r\n--   BODY   --\r\n{\"status\":1,\"msg\":\"用户不存在！\"}\r\n"
    }
  }, {
    "key" : "7f61ee92-40da-4966-8b4f-33d95d54e023",
    "descr" : "",
    "assertBdy" : true,
    "result" : null,
    "cause" : null,
    "excludedNodes" : null,
    "request" : {
      "url" : "http://localhost:8080/actionmall/mgr/user/login.do",
      "method" : "POST",
      "body" : "{\"account\":\"admin01\",\"password\":\"1234\"}",
      "date" : "2019-03-25 17:03:38.993",
      "headers" : {
        "Accept" : "application/json,application/xml,application/xhtml+xml,text/html,text/xml,text/plain",
        "Content-Type" : "application/json; charset=UTF-8",
        "Cookie" : "JSESSIONID=CBA757A4D999AB6E3BCF7CEAB72B4C9F"
      },
      "cookies" : {
        "JSESSIONID" : "CBA757A4D999AB6E3BCF7CEAB72B4C9F"
      }
    },
    "response" : {
      "body" : "{\"status\":1,\"msg\":\"用户不存在！\"}",
      "headers" : {
        "Transfer-Encoding" : "chunked",
        "Access-Control-Allow-Methods" : "POST, GET, OPTIONS, DELETE",
        "Access-Control-Allow-Credentials" : "true",
        "Access-Control-Max-Age" : "0",
        "Access-Control-Allow-Headers" : "Origin, No-Cache, X-Requested-With, If-Modified-Since, Pragma, Last-Modified, Cache-Control, Expires, Content-Type, X-E4M-With,userId,token",
        "Date" : "Mon, 25 Mar 2019 09:03:55 GMT",
        "XDomainRequestAllowed" : "1",
        "Content-Type" : "application/json;charset=UTF-8"
      },
      "date" : "2019-03-25 17:03:38.994",
      "time" : 16610,
      "status" : "HTTP/1.1 200 ",
      "statusCode" : 200,
      "raw_text" : "== REQUEST  ==\r\n\r\nPOST http://localhost:8080/actionmall/mgr/user/login.do\r\n\r\n-- HEADERS  --\r\nAccept : application/json,application/xml,application/xhtml+xml,text/html,text/xml,text/plain\r\nContent-Type : application/json; charset=UTF-8\r\nCookie : JSESSIONID=CBA757A4D999AB6E3BCF7CEAB72B4C9F\r\n\r\n--   BODY   --\r\n{\"account\":\"admin01\",\"password\":\"1234\"}\r\n\r\n== RESPONSE ==\r\n\r\nHTTP/1.1 200 \r\n\r\n-- HEADERS  --\r\nTransfer-Encoding : chunked\r\nAccess-Control-Allow-Methods : POST, GET, OPTIONS, DELETE\r\nAccess-Control-Allow-Credentials : true\r\nAccess-Control-Max-Age : 0\r\nAccess-Control-Allow-Headers : Origin, No-Cache, X-Requested-With, If-Modified-Since, Pragma, Last-Modified, Cache-Control, Expires, Content-Type, X-E4M-With,userId,token\r\nDate : Mon, 25 Mar 2019 09:03:55 GMT\r\nXDomainRequestAllowed : 1\r\nContent-Type : application/json;charset=UTF-8\r\n\r\n--   BODY   --\r\n{\"status\":1,\"msg\":\"用户不存在！\"}\r\n"
    }
  }, {
    "key" : "791a887e-1125-402b-b4f8-c53adb44e126",
    "descr" : "",
    "assertBdy" : true,
    "result" : null,
    "cause" : null,
    "excludedNodes" : null,
    "request" : {
      "url" : "http://localhost:8080/actionmall/mgr/user/finduser.do",
      "method" : "POST",
      "body" : "{\"id\":5}",
      "date" : "2019-03-25 17:04:54.897",
      "headers" : {
        "Accept" : "application/json,application/xml,application/xhtml+xml,text/html,text/xml,text/plain",
        "Content-Type" : "application/json; charset=UTF-8",
        "Cookie" : "JSESSIONID=CBA757A4D999AB6E3BCF7CEAB72B4C9F"
      },
      "cookies" : {
        "JSESSIONID" : "CBA757A4D999AB6E3BCF7CEAB72B4C9F"
      }
    },
    "response" : {
      "body" : "{\"status\":1,\"msg\":\"获取用户数据失败\"}",
      "headers" : {
        "Transfer-Encoding" : "chunked",
        "Access-Control-Allow-Methods" : "POST, GET, OPTIONS, DELETE",
        "Access-Control-Allow-Credentials" : "true",
        "Access-Control-Max-Age" : "0",
        "Access-Control-Allow-Headers" : "Origin, No-Cache, X-Requested-With, If-Modified-Since, Pragma, Last-Modified, Cache-Control, Expires, Content-Type, X-E4M-With,userId,token",
        "Date" : "Mon, 25 Mar 2019 09:06:50 GMT",
        "XDomainRequestAllowed" : "1",
        "Content-Type" : "application/json;charset=UTF-8"
      },
      "date" : "2019-03-25 17:04:54.898",
      "time" : 115643,
      "status" : "HTTP/1.1 200 ",
      "statusCode" : 200,
      "raw_text" : "== REQUEST  ==\r\n\r\nPOST http://localhost:8080/actionmall/mgr/user/finduser.do\r\n\r\n-- HEADERS  --\r\nAccept : application/json,application/xml,application/xhtml+xml,text/html,text/xml,text/plain\r\nContent-Type : application/json; charset=UTF-8\r\nCookie : JSESSIONID=CBA757A4D999AB6E3BCF7CEAB72B4C9F\r\n\r\n--   BODY   --\r\n{\"id\":5}\r\n\r\n== RESPONSE ==\r\n\r\nHTTP/1.1 200 \r\n\r\n-- HEADERS  --\r\nTransfer-Encoding : chunked\r\nAccess-Control-Allow-Methods : POST, GET, OPTIONS, DELETE\r\nAccess-Control-Allow-Credentials : true\r\nAccess-Control-Max-Age : 0\r\nAccess-Control-Allow-Headers : Origin, No-Cache, X-Requested-With, If-Modified-Since, Pragma, Last-Modified, Cache-Control, Expires, Content-Type, X-E4M-With,userId,token\r\nDate : Mon, 25 Mar 2019 09:06:50 GMT\r\nXDomainRequestAllowed : 1\r\nContent-Type : application/json;charset=UTF-8\r\n\r\n--   BODY   --\r\n{\"status\":1,\"msg\":\"获取用户数据失败\"}\r\n"
    }
  }, {
    "key" : "00b0b207-4a95-49fb-ba31-13fe0f71c5f8",
    "descr" : "-",
    "assertBdy" : true,
    "result" : null,
    "cause" : null,
    "excludedNodes" : [ ],
    "request" : {
      "url" : "http://localhost:8080/actionmall/mgr/user/finduserlist.do",
      "method" : "POST",
      "body" : "",
      "date" : "2019-03-25 17:07:14.026",
      "headers" : {
        "Accept" : "application/json,application/xml,application/xhtml+xml,text/html,text/xml,text/plain",
        "Content-Type" : "application/json; charset=UTF-8",
        "Cookie" : "JSESSIONID=CBA757A4D999AB6E3BCF7CEAB72B4C9F"
      },
      "cookies" : {
        "JSESSIONID" : "CBA757A4D999AB6E3BCF7CEAB72B4C9F"
      }
    },
    "response" : {
      "body" : "{\"status\":0,\"data\":[{\"id\":1,\"account\":\"admin\",\"name\":\"\",\"sex\":\"女\",\"age\":0,\"phone\":\"1\",\"email\":\"1\"},{\"id\":2,\"account\":\"admin01\",\"name\":\"\",\"sex\":\"女\",\"age\":0,\"phone\":\"123456789\",\"email\":\"action@action.cn\"},{\"id\":3,\"account\":\"action01\",\"name\":null,\"sex\":\"女\",\"age\":23,\"phone\":\"1556688999\",\"email\":\"action01@action.cn\"},{\"id\":4,\"account\":\"action02\",\"name\":\"沈辉\",\"sex\":\"女\",\"age\":20,\"phone\":\"123456789\",\"email\":\"action02@action.cn\"},{\"id\":5,\"account\":\"zhangsan\",\"name\":\"张三\",\"sex\":\"男\",\"age\":35,\"phone\":\"13356896698\",\"email\":\"zhangsan@sohu.com\"},{\"id\":6,\"account\":\"lisi\",\"name\":null,\"sex\":\"男\",\"age\":20,\"phone\":\"12222222222\",\"email\":\"lisi@163.com\"}]}",
      "headers" : {
        "Transfer-Encoding" : "chunked",
        "Access-Control-Allow-Methods" : "POST, GET, OPTIONS, DELETE",
        "Access-Control-Allow-Credentials" : "true",
        "Access-Control-Max-Age" : "0",
        "Access-Control-Allow-Headers" : "Origin, No-Cache, X-Requested-With, If-Modified-Since, Pragma, Last-Modified, Cache-Control, Expires, Content-Type, X-E4M-With,userId,token",
        "Date" : "Mon, 25 Mar 2019 09:07:14 GMT",
        "XDomainRequestAllowed" : "1",
        "Content-Type" : "application/json;charset=UTF-8"
      },
      "date" : "2019-03-25 17:07:14.028",
      "time" : 25,
      "status" : "HTTP/1.1 200",
      "statusCode" : 200,
      "raw_text" : "== REQUEST  ==\r\n\r\nPOST http://localhost:8080/actionmall/mgr/user/finduserlist.do\r\n\r\n-- HEADERS  --\r\nAccept : application/json,application/xml,application/xhtml+xml,text/html,text/xml,text/plain\r\nContent-Type : application/json; charset=UTF-8\r\nCookie : JSESSIONID=CBA757A4D999AB6E3BCF7CEAB72B4C9F\r\n\r\n== RESPONSE ==\r\n\r\nHTTP/1.1 200 \r\n\r\n-- HEADERS  --\r\nTransfer-Encoding : chunked\r\nAccess-Control-Allow-Methods : POST, GET, OPTIONS, DELETE\r\nAccess-Control-Allow-Credentials : true\r\nAccess-Control-Max-Age : 0\r\nAccess-Control-Allow-Headers : Origin, No-Cache, X-Requested-With, If-Modified-Since, Pragma, Last-Modified, Cache-Control, Expires, Content-Type, X-E4M-With,userId,token\r\nDate : Mon, 25 Mar 2019 09:07:14 GMT\r\nXDomainRequestAllowed : 1\r\nContent-Type : application/json;charset=UTF-8\r\n\r\n--   BODY   --\r\n{\"status\":0,\"data\":[{\"id\":1,\"account\":\"admin\",\"name\":\"\",\"sex\":\"女\",\"age\":0,\"phone\":\"1\",\"email\":\"1\"},{\"id\":2,\"account\":\"admin01\",\"name\":\"\",\"sex\":\"女\",\"age\":0,\"phone\":\"123456789\",\"email\":\"action@action.cn\"},{\"id\":3,\"account\":\"action01\",\"name\":null,\"sex\":\"女\",\"age\":23,\"phone\":\"1556688999\",\"email\":\"action01@action.cn\"},{\"id\":4,\"account\":\"action02\",\"name\":\"沈辉\",\"sex\":\"女\",\"age\":20,\"phone\":\"123456789\",\"email\":\"action02@action.cn\"},{\"id\":5,\"account\":\"zhangsan\",\"name\":\"张三\",\"sex\":\"男\",\"age\":35,\"phone\":\"13356896698\",\"email\":\"zhangsan@sohu.com\"},{\"id\":6,\"account\":\"lisi\",\"name\":null,\"sex\":\"男\",\"age\":20,\"phone\":\"12222222222\",\"email\":\"lisi@163.com\"}]}\r\n"
    }
  }, {
    "key" : "450a86ea-633f-476e-a8ab-37da7074a079",
    "descr" : "",
    "assertBdy" : true,
    "result" : null,
    "cause" : null,
    "excludedNodes" : null,
    "request" : {
      "url" : "http://localhost:8080/actionmall/mgr/user/login.do",
      "method" : "POST",
      "body" : "{\n \"account\":admin01,\n \"password\":1234\n}",
      "date" : "2019-03-25 17:34:19.259",
      "headers" : {
        "Accept" : "application/json,application/xml,application/xhtml+xml,text/html,text/xml,text/plain",
        "Content-Type" : "application/x-www-form-urlencoded; charset=UTF-8"
      },
      "cookies" : { }
    },
    "response" : {
      "body" : "{\"status\":1,\"msg\":\"用户不存在！\"}",
      "headers" : {
        "Transfer-Encoding" : "chunked",
        "Access-Control-Allow-Methods" : "POST, GET, OPTIONS, DELETE",
        "Access-Control-Allow-Credentials" : "true",
        "Set-Cookie" : "JSESSIONID=28A66FA0AF9032E7668EBF4010015E3F; Path=/actionmall; HttpOnly",
        "Access-Control-Max-Age" : "0",
        "Access-Control-Allow-Headers" : "Origin, No-Cache, X-Requested-With, If-Modified-Since, Pragma, Last-Modified, Cache-Control, Expires, Content-Type, X-E4M-With,userId,token",
        "Date" : "Mon, 25 Mar 2019 09:34:34 GMT",
        "XDomainRequestAllowed" : "1",
        "Content-Type" : "application/json;charset=UTF-8"
      },
      "date" : "2019-03-25 17:34:19.262",
      "time" : 15289,
      "status" : "HTTP/1.1 200 ",
      "statusCode" : 200,
      "raw_text" : "== REQUEST  ==\r\n\r\nPOST http://localhost:8080/actionmall/mgr/user/login.do\r\n\r\n-- HEADERS  --\r\nAccept : application/json,application/xml,application/xhtml+xml,text/html,text/xml,text/plain\r\nContent-Type : application/x-www-form-urlencoded; charset=UTF-8\r\n\r\n--   BODY   --\r\n{\n \"account\":admin01,\n \"password\":1234\n}\r\n\r\n== RESPONSE ==\r\n\r\nHTTP/1.1 200 \r\n\r\n-- HEADERS  --\r\nTransfer-Encoding : chunked\r\nAccess-Control-Allow-Methods : POST, GET, OPTIONS, DELETE\r\nAccess-Control-Allow-Credentials : true\r\nSet-Cookie : JSESSIONID=28A66FA0AF9032E7668EBF4010015E3F; Path=/actionmall; HttpOnly\r\nAccess-Control-Max-Age : 0\r\nAccess-Control-Allow-Headers : Origin, No-Cache, X-Requested-With, If-Modified-Since, Pragma, Last-Modified, Cache-Control, Expires, Content-Type, X-E4M-With,userId,token\r\nDate : Mon, 25 Mar 2019 09:34:34 GMT\r\nXDomainRequestAllowed : 1\r\nContent-Type : application/json;charset=UTF-8\r\n\r\n--   BODY   --\r\n{\"status\":1,\"msg\":\"用户不存在！\"}\r\n"
    }
  }, {
    "key" : "51685277-dcaf-4d8c-89c4-d63f3c6889d1",
    "descr" : "",
    "assertBdy" : true,
    "result" : null,
    "cause" : null,
    "excludedNodes" : null,
    "request" : {
      "url" : "http://localhost:8080/actionmall/mgr/user/finduserlist.do",
      "method" : "POST",
      "body" : "",
      "date" : "2019-03-25 17:39:10.218",
      "headers" : {
        "Accept" : "application/json,application/xml,application/xhtml+xml,text/html,text/xml,text/plain",
        "Content-Type" : "application/json; charset=UTF-8"
      },
      "cookies" : { }
    },
    "response" : {
      "body" : "{\"status\":0,\"data\":[{\"id\":1,\"account\":\"admin\",\"name\":\"\",\"sex\":\"女\",\"age\":0,\"phone\":\"1\",\"email\":\"1\"},{\"id\":2,\"account\":\"admin01\",\"name\":\"\",\"sex\":\"女\",\"age\":0,\"phone\":\"123456789\",\"email\":\"action@action.cn\"},{\"id\":3,\"account\":\"action01\",\"name\":null,\"sex\":\"女\",\"age\":23,\"phone\":\"1556688999\",\"email\":\"action01@action.cn\"},{\"id\":4,\"account\":\"action02\",\"name\":\"沈辉\",\"sex\":\"女\",\"age\":20,\"phone\":\"123456789\",\"email\":\"action02@action.cn\"},{\"id\":5,\"account\":\"zhangsan\",\"name\":\"张三\",\"sex\":\"男\",\"age\":35,\"phone\":\"13356896698\",\"email\":\"zhangsan@sohu.com\"},{\"id\":6,\"account\":\"lisi\",\"name\":null,\"sex\":\"男\",\"age\":20,\"phone\":\"12222222222\",\"email\":\"lisi@163.com\"}]}",
      "headers" : {
        "Transfer-Encoding" : "chunked",
        "Access-Control-Allow-Methods" : "POST, GET, OPTIONS, DELETE",
        "Access-Control-Allow-Credentials" : "true",
        "Access-Control-Max-Age" : "0",
        "Access-Control-Allow-Headers" : "Origin, No-Cache, X-Requested-With, If-Modified-Since, Pragma, Last-Modified, Cache-Control, Expires, Content-Type, X-E4M-With,userId,token",
        "Date" : "Mon, 25 Mar 2019 09:39:10 GMT",
        "XDomainRequestAllowed" : "1",
        "Content-Type" : "application/json;charset=UTF-8"
      },
      "date" : "2019-03-25 17:39:10.220",
      "time" : 85,
      "status" : "HTTP/1.1 200 ",
      "statusCode" : 200,
      "raw_text" : "== REQUEST  ==\r\n\r\nPOST http://localhost:8080/actionmall/mgr/user/finduserlist.do\r\n\r\n-- HEADERS  --\r\nAccept : application/json,application/xml,application/xhtml+xml,text/html,text/xml,text/plain\r\nContent-Type : application/json; charset=UTF-8\r\n\r\n== RESPONSE ==\r\n\r\nHTTP/1.1 200 \r\n\r\n-- HEADERS  --\r\nTransfer-Encoding : chunked\r\nAccess-Control-Allow-Methods : POST, GET, OPTIONS, DELETE\r\nAccess-Control-Allow-Credentials : true\r\nAccess-Control-Max-Age : 0\r\nAccess-Control-Allow-Headers : Origin, No-Cache, X-Requested-With, If-Modified-Since, Pragma, Last-Modified, Cache-Control, Expires, Content-Type, X-E4M-With,userId,token\r\nDate : Mon, 25 Mar 2019 09:39:10 GMT\r\nXDomainRequestAllowed : 1\r\nContent-Type : application/json;charset=UTF-8\r\n\r\n--   BODY   --\r\n{\"status\":0,\"data\":[{\"id\":1,\"account\":\"admin\",\"name\":\"\",\"sex\":\"女\",\"age\":0,\"phone\":\"1\",\"email\":\"1\"},{\"id\":2,\"account\":\"admin01\",\"name\":\"\",\"sex\":\"女\",\"age\":0,\"phone\":\"123456789\",\"email\":\"action@action.cn\"},{\"id\":3,\"account\":\"action01\",\"name\":null,\"sex\":\"女\",\"age\":23,\"phone\":\"1556688999\",\"email\":\"action01@action.cn\"},{\"id\":4,\"account\":\"action02\",\"name\":\"沈辉\",\"sex\":\"女\",\"age\":20,\"phone\":\"123456789\",\"email\":\"action02@action.cn\"},{\"id\":5,\"account\":\"zhangsan\",\"name\":\"张三\",\"sex\":\"男\",\"age\":35,\"phone\":\"13356896698\",\"email\":\"zhangsan@sohu.com\"},{\"id\":6,\"account\":\"lisi\",\"name\":null,\"sex\":\"男\",\"age\":20,\"phone\":\"12222222222\",\"email\":\"lisi@163.com\"}]}\r\n"
    }
  }, {
    "key" : "810adf19-1552-4027-a544-3b784c410cba",
    "descr" : "",
    "assertBdy" : true,
    "result" : null,
    "cause" : null,
    "excludedNodes" : null,
    "request" : {
      "url" : "http://localhost:8080/actionmall/mgr/user/finduserlist.do",
      "method" : "POST",
      "body" : "",
      "date" : "2019-03-25 17:39:18.810",
      "headers" : {
        "Accept" : "application/json,application/xml,application/xhtml+xml,text/html,text/xml,text/plain",
        "Content-Type" : "application/json; charset=UTF-8"
      },
      "cookies" : { }
    },
    "response" : {
      "body" : "{\"status\":0,\"data\":[{\"id\":1,\"account\":\"admin\",\"name\":\"\",\"sex\":\"女\",\"age\":0,\"phone\":\"1\",\"email\":\"1\"},{\"id\":2,\"account\":\"admin01\",\"name\":\"\",\"sex\":\"女\",\"age\":0,\"phone\":\"123456789\",\"email\":\"action@action.cn\"},{\"id\":3,\"account\":\"action01\",\"name\":null,\"sex\":\"女\",\"age\":23,\"phone\":\"1556688999\",\"email\":\"action01@action.cn\"},{\"id\":4,\"account\":\"action02\",\"name\":\"沈辉\",\"sex\":\"女\",\"age\":20,\"phone\":\"123456789\",\"email\":\"action02@action.cn\"},{\"id\":5,\"account\":\"zhangsan\",\"name\":\"张三\",\"sex\":\"男\",\"age\":35,\"phone\":\"13356896698\",\"email\":\"zhangsan@sohu.com\"},{\"id\":6,\"account\":\"lisi\",\"name\":null,\"sex\":\"男\",\"age\":20,\"phone\":\"12222222222\",\"email\":\"lisi@163.com\"}]}",
      "headers" : {
        "Transfer-Encoding" : "chunked",
        "Access-Control-Allow-Methods" : "POST, GET, OPTIONS, DELETE",
        "Access-Control-Allow-Credentials" : "true",
        "Access-Control-Max-Age" : "0",
        "Access-Control-Allow-Headers" : "Origin, No-Cache, X-Requested-With, If-Modified-Since, Pragma, Last-Modified, Cache-Control, Expires, Content-Type, X-E4M-With,userId,token",
        "Date" : "Mon, 25 Mar 2019 09:39:18 GMT",
        "XDomainRequestAllowed" : "1",
        "Content-Type" : "application/json;charset=UTF-8"
      },
      "date" : "2019-03-25 17:39:18.812",
      "time" : 25,
      "status" : "HTTP/1.1 200 ",
      "statusCode" : 200,
      "raw_text" : "== REQUEST  ==\r\n\r\nPOST http://localhost:8080/actionmall/mgr/user/finduserlist.do\r\n\r\n-- HEADERS  --\r\nAccept : application/json,application/xml,application/xhtml+xml,text/html,text/xml,text/plain\r\nContent-Type : application/json; charset=UTF-8\r\n\r\n== RESPONSE ==\r\n\r\nHTTP/1.1 200 \r\n\r\n-- HEADERS  --\r\nTransfer-Encoding : chunked\r\nAccess-Control-Allow-Methods : POST, GET, OPTIONS, DELETE\r\nAccess-Control-Allow-Credentials : true\r\nAccess-Control-Max-Age : 0\r\nAccess-Control-Allow-Headers : Origin, No-Cache, X-Requested-With, If-Modified-Since, Pragma, Last-Modified, Cache-Control, Expires, Content-Type, X-E4M-With,userId,token\r\nDate : Mon, 25 Mar 2019 09:39:18 GMT\r\nXDomainRequestAllowed : 1\r\nContent-Type : application/json;charset=UTF-8\r\n\r\n--   BODY   --\r\n{\"status\":0,\"data\":[{\"id\":1,\"account\":\"admin\",\"name\":\"\",\"sex\":\"女\",\"age\":0,\"phone\":\"1\",\"email\":\"1\"},{\"id\":2,\"account\":\"admin01\",\"name\":\"\",\"sex\":\"女\",\"age\":0,\"phone\":\"123456789\",\"email\":\"action@action.cn\"},{\"id\":3,\"account\":\"action01\",\"name\":null,\"sex\":\"女\",\"age\":23,\"phone\":\"1556688999\",\"email\":\"action01@action.cn\"},{\"id\":4,\"account\":\"action02\",\"name\":\"沈辉\",\"sex\":\"女\",\"age\":20,\"phone\":\"123456789\",\"email\":\"action02@action.cn\"},{\"id\":5,\"account\":\"zhangsan\",\"name\":\"张三\",\"sex\":\"男\",\"age\":35,\"phone\":\"13356896698\",\"email\":\"zhangsan@sohu.com\"},{\"id\":6,\"account\":\"lisi\",\"name\":null,\"sex\":\"男\",\"age\":20,\"phone\":\"12222222222\",\"email\":\"lisi@163.com\"}]}\r\n"
    }
  }, {
    "key" : "df1fe79c-2c54-4366-885d-93fe1bf7da48",
    "descr" : "",
    "assertBdy" : true,
    "result" : null,
    "cause" : null,
    "excludedNodes" : null,
    "request" : {
      "url" : "http://localhost:8080/actionmall/mgr/user/login.do",
      "method" : "POST",
      "body" : "account=admin01&password=1234",
      "date" : "2019-03-25 17:40:46.602",
      "headers" : {
        "Accept" : "application/json,application/xml,application/xhtml+xml,text/html,text/xml,text/plain",
        "Content-Type" : "application/x-www-form-urlencoded; charset=UTF-8"
      },
      "cookies" : { }
    },
    "response" : {
      "body" : "{\"status\":0,\"msg\":\"登陆成功\",\"data\":{\"id\":2,\"account\":\"admin01\",\"password\":\"\",\"email\":\"action@action.cn\",\"age\":0,\"sex\":0,\"del\":0,\"phone\":\"123456789\",\"question\":\"这是什么问题？\",\"asw\":\"不知道\",\"role\":2,\"create_time\":1517930634000,\"update_time\":1518100629000,\"name\":\"\"}}",
      "headers" : {
        "Transfer-Encoding" : "chunked",
        "Access-Control-Allow-Methods" : "POST, GET, OPTIONS, DELETE",
        "Access-Control-Allow-Credentials" : "true",
        "Access-Control-Max-Age" : "0",
        "Access-Control-Allow-Headers" : "Origin, No-Cache, X-Requested-With, If-Modified-Since, Pragma, Last-Modified, Cache-Control, Expires, Content-Type, X-E4M-With,userId,token",
        "Date" : "Mon, 25 Mar 2019 09:41:05 GMT",
        "XDomainRequestAllowed" : "1",
        "Content-Type" : "application/json;charset=UTF-8"
      },
      "date" : "2019-03-25 17:40:46.604",
      "time" : 18977,
      "status" : "HTTP/1.1 200 ",
      "statusCode" : 200,
      "raw_text" : "== REQUEST  ==\r\n\r\nPOST http://localhost:8080/actionmall/mgr/user/login.do\r\n\r\n-- HEADERS  --\r\nAccept : application/json,application/xml,application/xhtml+xml,text/html,text/xml,text/plain\r\nContent-Type : application/x-www-form-urlencoded; charset=UTF-8\r\n\r\n--   BODY   --\r\naccount=admin01&password=1234\r\n\r\n== RESPONSE ==\r\n\r\nHTTP/1.1 200 \r\n\r\n-- HEADERS  --\r\nTransfer-Encoding : chunked\r\nAccess-Control-Allow-Methods : POST, GET, OPTIONS, DELETE\r\nAccess-Control-Allow-Credentials : true\r\nAccess-Control-Max-Age : 0\r\nAccess-Control-Allow-Headers : Origin, No-Cache, X-Requested-With, If-Modified-Since, Pragma, Last-Modified, Cache-Control, Expires, Content-Type, X-E4M-With,userId,token\r\nDate : Mon, 25 Mar 2019 09:41:05 GMT\r\nXDomainRequestAllowed : 1\r\nContent-Type : application/json;charset=UTF-8\r\n\r\n--   BODY   --\r\n{\"status\":0,\"msg\":\"登陆成功\",\"data\":{\"id\":2,\"account\":\"admin01\",\"password\":\"\",\"email\":\"action@action.cn\",\"age\":0,\"sex\":0,\"del\":0,\"phone\":\"123456789\",\"question\":\"这是什么问题？\",\"asw\":\"不知道\",\"role\":2,\"create_time\":1517930634000,\"update_time\":1518100629000,\"name\":\"\"}}\r\n"
    }
  }, {
    "key" : "1169c8f4-0ecc-4dfd-a52b-7cbb1c471e6d",
    "descr" : "",
    "assertBdy" : true,
    "result" : null,
    "cause" : null,
    "excludedNodes" : null,
    "request" : {
      "url" : "http://localhost:8080/actionmall/mgr/user/finduserlist.do",
      "method" : "POST",
      "body" : "",
      "date" : "2019-03-25 17:42:59.227",
      "headers" : {
        "Accept" : "application/json,application/xml,application/xhtml+xml,text/html,text/xml,text/plain",
        "Content-Type" : "application/json; charset=UTF-8"
      },
      "cookies" : { }
    },
    "response" : {
      "body" : "{\"status\":0,\"data\":[{\"id\":1,\"account\":\"admin\",\"name\":\"\",\"sex\":\"女\",\"age\":0,\"phone\":\"1\",\"email\":\"1\"},{\"id\":2,\"account\":\"admin01\",\"name\":\"\",\"sex\":\"女\",\"age\":0,\"phone\":\"123456789\",\"email\":\"action@action.cn\"},{\"id\":3,\"account\":\"action01\",\"name\":null,\"sex\":\"女\",\"age\":23,\"phone\":\"1556688999\",\"email\":\"action01@action.cn\"},{\"id\":4,\"account\":\"action02\",\"name\":\"沈辉\",\"sex\":\"女\",\"age\":20,\"phone\":\"123456789\",\"email\":\"action02@action.cn\"},{\"id\":5,\"account\":\"zhangsan\",\"name\":\"张三\",\"sex\":\"男\",\"age\":35,\"phone\":\"13356896698\",\"email\":\"zhangsan@sohu.com\"},{\"id\":6,\"account\":\"lisi\",\"name\":null,\"sex\":\"男\",\"age\":20,\"phone\":\"12222222222\",\"email\":\"lisi@163.com\"}]}",
      "headers" : {
        "Transfer-Encoding" : "chunked",
        "Access-Control-Allow-Methods" : "POST, GET, OPTIONS, DELETE",
        "Access-Control-Allow-Credentials" : "true",
        "Access-Control-Max-Age" : "0",
        "Access-Control-Allow-Headers" : "Origin, No-Cache, X-Requested-With, If-Modified-Since, Pragma, Last-Modified, Cache-Control, Expires, Content-Type, X-E4M-With,userId,token",
        "Date" : "Mon, 25 Mar 2019 09:42:59 GMT",
        "XDomainRequestAllowed" : "1",
        "Content-Type" : "application/json;charset=UTF-8"
      },
      "date" : "2019-03-25 17:42:59.229",
      "time" : 43,
      "status" : "HTTP/1.1 200 ",
      "statusCode" : 200,
      "raw_text" : "== REQUEST  ==\r\n\r\nPOST http://localhost:8080/actionmall/mgr/user/finduserlist.do\r\n\r\n-- HEADERS  --\r\nAccept : application/json,application/xml,application/xhtml+xml,text/html,text/xml,text/plain\r\nContent-Type : application/json; charset=UTF-8\r\n\r\n== RESPONSE ==\r\n\r\nHTTP/1.1 200 \r\n\r\n-- HEADERS  --\r\nTransfer-Encoding : chunked\r\nAccess-Control-Allow-Methods : POST, GET, OPTIONS, DELETE\r\nAccess-Control-Allow-Credentials : true\r\nAccess-Control-Max-Age : 0\r\nAccess-Control-Allow-Headers : Origin, No-Cache, X-Requested-With, If-Modified-Since, Pragma, Last-Modified, Cache-Control, Expires, Content-Type, X-E4M-With,userId,token\r\nDate : Mon, 25 Mar 2019 09:42:59 GMT\r\nXDomainRequestAllowed : 1\r\nContent-Type : application/json;charset=UTF-8\r\n\r\n--   BODY   --\r\n{\"status\":0,\"data\":[{\"id\":1,\"account\":\"admin\",\"name\":\"\",\"sex\":\"女\",\"age\":0,\"phone\":\"1\",\"email\":\"1\"},{\"id\":2,\"account\":\"admin01\",\"name\":\"\",\"sex\":\"女\",\"age\":0,\"phone\":\"123456789\",\"email\":\"action@action.cn\"},{\"id\":3,\"account\":\"action01\",\"name\":null,\"sex\":\"女\",\"age\":23,\"phone\":\"1556688999\",\"email\":\"action01@action.cn\"},{\"id\":4,\"account\":\"action02\",\"name\":\"沈辉\",\"sex\":\"女\",\"age\":20,\"phone\":\"123456789\",\"email\":\"action02@action.cn\"},{\"id\":5,\"account\":\"zhangsan\",\"name\":\"张三\",\"sex\":\"男\",\"age\":35,\"phone\":\"13356896698\",\"email\":\"zhangsan@sohu.com\"},{\"id\":6,\"account\":\"lisi\",\"name\":null,\"sex\":\"男\",\"age\":20,\"phone\":\"12222222222\",\"email\":\"lisi@163.com\"}]}\r\n"
    }
  }, {
    "key" : "d7d3fbe6-2438-4299-bb35-a88e2ecd8c82",
    "descr" : "",
    "assertBdy" : true,
    "result" : null,
    "cause" : null,
    "excludedNodes" : null,
    "request" : {
      "url" : "http://localhost:8080/actionmall/mgr/user/isAdmin.do",
      "method" : "POST",
      "body" : "",
      "date" : "2019-03-25 17:43:33.475",
      "headers" : {
        "Accept" : "application/json,application/xml,application/xhtml+xml,text/html,text/xml,text/plain",
        "Content-Type" : "application/json; charset=UTF-8"
      },
      "cookies" : { }
    },
    "response" : {
      "body" : "{\"status\":0}",
      "headers" : {
        "Transfer-Encoding" : "chunked",
        "Access-Control-Allow-Methods" : "POST, GET, OPTIONS, DELETE",
        "Access-Control-Allow-Credentials" : "true",
        "Access-Control-Max-Age" : "0",
        "Access-Control-Allow-Headers" : "Origin, No-Cache, X-Requested-With, If-Modified-Since, Pragma, Last-Modified, Cache-Control, Expires, Content-Type, X-E4M-With,userId,token",
        "Date" : "Mon, 25 Mar 2019 09:43:33 GMT",
        "XDomainRequestAllowed" : "1",
        "Content-Type" : "application/json;charset=UTF-8"
      },
      "date" : "2019-03-25 17:43:33.477",
      "time" : 19,
      "status" : "HTTP/1.1 200 ",
      "statusCode" : 200,
      "raw_text" : "== REQUEST  ==\r\n\r\nPOST http://localhost:8080/actionmall/mgr/user/isAdmin.do\r\n\r\n-- HEADERS  --\r\nAccept : application/json,application/xml,application/xhtml+xml,text/html,text/xml,text/plain\r\nContent-Type : application/json; charset=UTF-8\r\n\r\n== RESPONSE ==\r\n\r\nHTTP/1.1 200 \r\n\r\n-- HEADERS  --\r\nTransfer-Encoding : chunked\r\nAccess-Control-Allow-Methods : POST, GET, OPTIONS, DELETE\r\nAccess-Control-Allow-Credentials : true\r\nAccess-Control-Max-Age : 0\r\nAccess-Control-Allow-Headers : Origin, No-Cache, X-Requested-With, If-Modified-Since, Pragma, Last-Modified, Cache-Control, Expires, Content-Type, X-E4M-With,userId,token\r\nDate : Mon, 25 Mar 2019 09:43:33 GMT\r\nXDomainRequestAllowed : 1\r\nContent-Type : application/json;charset=UTF-8\r\n\r\n--   BODY   --\r\n{\"status\":0}\r\n"
    }
  }, {
    "key" : "482f2abf-eb8a-4eee-a3f2-ddd1b58393b0",
    "descr" : "",
    "assertBdy" : true,
    "result" : null,
    "cause" : null,
    "excludedNodes" : null,
    "request" : {
      "url" : "http://localhost:8080/actionmall_ex/mgr/user/login.do",
      "method" : "POST",
      "body" : "account=admin01&password=1234",
      "date" : "2019-03-26 09:53:54.031",
      "headers" : {
        "Accept" : "application/json,application/xml,application/xhtml+xml,text/html,text/xml,text/plain",
        "Content-Type" : "application/json; charset=UTF-8"
      },
      "cookies" : { }
    },
    "response" : {
      "body" : "<!doctype html><html lang=\"en\"><head><title>HTTP Status 404 – Not Found</title><style type=\"text/css\">h1 {font-family:Tahoma,Arial,sans-serif;color:white;background-color:#525D76;font-size:22px;} h2 {font-family:Tahoma,Arial,sans-serif;color:white;background-color:#525D76;font-size:16px;} h3 {font-family:Tahoma,Arial,sans-serif;color:white;background-color:#525D76;font-size:14px;} body {font-family:Tahoma,Arial,sans-serif;color:black;background-color:white;} b {font-family:Tahoma,Arial,sans-serif;color:white;background-color:#525D76;} p {font-family:Tahoma,Arial,sans-serif;background:white;color:black;font-size:12px;} a {color:black;} a.name {color:black;} .line {height:1px;background-color:#525D76;border:none;}</style></head><body><h1>HTTP Status 404 – Not Found</h1><hr class=\"line\" /><p><b>Type</b> Status Report</p><p><b>Message</b> &#47;actionmall_ex&#47;mgr&#47;user&#47;login.do</p><p><b>Description</b> The origin server did not find a current representation for the target resource or is not willing to disclose that one exists.</p><hr class=\"line\" /><h3>Apache Tomcat/8.5.31</h3></body></html>",
      "headers" : {
        "Content-Length" : "1117",
        "Content-Language" : "en",
        "Date" : "Tue, 26 Mar 2019 01:53:54 GMT",
        "Content-Type" : "text/html;charset=utf-8"
      },
      "date" : "2019-03-26 09:53:54.033",
      "time" : 60,
      "status" : "HTTP/1.1 404 ",
      "statusCode" : 404,
      "raw_text" : "== REQUEST  ==\r\n\r\nPOST http://localhost:8080/actionmall_ex/mgr/user/login.do\r\n\r\n-- HEADERS  --\r\nAccept : application/json,application/xml,application/xhtml+xml,text/html,text/xml,text/plain\r\nContent-Type : application/json; charset=UTF-8\r\n\r\n--   BODY   --\r\naccount=admin01&password=1234\r\n\r\n== RESPONSE ==\r\n\r\nHTTP/1.1 404 \r\n\r\n-- HEADERS  --\r\nContent-Length : 1117\r\nContent-Language : en\r\nDate : Tue, 26 Mar 2019 01:53:54 GMT\r\nContent-Type : text/html;charset=utf-8\r\n\r\n--   BODY   --\r\n<!doctype html><html lang=\"en\"><head><title>HTTP Status 404 – Not Found</title><style type=\"text/css\">h1 {font-family:Tahoma,Arial,sans-serif;color:white;background-color:#525D76;font-size:22px;} h2 {font-family:Tahoma,Arial,sans-serif;color:white;background-color:#525D76;font-size:16px;} h3 {font-family:Tahoma,Arial,sans-serif;color:white;background-color:#525D76;font-size:14px;} body {font-family:Tahoma,Arial,sans-serif;color:black;background-color:white;} b {font-family:Tahoma,Arial,sans-serif;color:white;background-color:#525D76;} p {font-family:Tahoma,Arial,sans-serif;background:white;color:black;font-size:12px;} a {color:black;} a.name {color:black;} .line {height:1px;background-color:#525D76;border:none;}</style></head><body><h1>HTTP Status 404 – Not Found</h1><hr class=\"line\" /><p><b>Type</b> Status Report</p><p><b>Message</b> &#47;actionmall_ex&#47;mgr&#47;user&#47;login.do</p><p><b>Description</b> The origin server did not find a current representation for the target resource or is not willing to disclose that one exists.</p><hr class=\"line\" /><h3>Apache Tomcat/8.5.31</h3></body></html>\r\n"
    }
  }, {
    "key" : "7d35dae6-40fd-41b2-b111-8609b9f94a40",
    "descr" : "",
    "assertBdy" : true,
    "result" : null,
    "cause" : null,
    "excludedNodes" : null,
    "request" : {
      "url" : "http://localhost:8080/actionmall_ex/mgr/user/login.do",
      "method" : "POST",
      "body" : "account=admin01&password=1234",
      "date" : "2019-03-26 09:54:33.347",
      "headers" : {
        "Accept" : "application/json,application/xml,application/xhtml+xml,text/html,text/xml,text/plain",
        "Content-Type" : "application/json; charset=UTF-8"
      },
      "cookies" : { }
    },
    "response" : {
      "body" : "<!doctype html><html lang=\"en\"><head><title>HTTP Status 404 – Not Found</title><style type=\"text/css\">h1 {font-family:Tahoma,Arial,sans-serif;color:white;background-color:#525D76;font-size:22px;} h2 {font-family:Tahoma,Arial,sans-serif;color:white;background-color:#525D76;font-size:16px;} h3 {font-family:Tahoma,Arial,sans-serif;color:white;background-color:#525D76;font-size:14px;} body {font-family:Tahoma,Arial,sans-serif;color:black;background-color:white;} b {font-family:Tahoma,Arial,sans-serif;color:white;background-color:#525D76;} p {font-family:Tahoma,Arial,sans-serif;background:white;color:black;font-size:12px;} a {color:black;} a.name {color:black;} .line {height:1px;background-color:#525D76;border:none;}</style></head><body><h1>HTTP Status 404 – Not Found</h1><hr class=\"line\" /><p><b>Type</b> Status Report</p><p><b>Message</b> &#47;actionmall_ex&#47;mgr&#47;user&#47;login.do</p><p><b>Description</b> The origin server did not find a current representation for the target resource or is not willing to disclose that one exists.</p><hr class=\"line\" /><h3>Apache Tomcat/8.5.31</h3></body></html>",
      "headers" : {
        "Content-Length" : "1117",
        "Content-Language" : "en",
        "Date" : "Tue, 26 Mar 2019 01:54:33 GMT",
        "Content-Type" : "text/html;charset=utf-8"
      },
      "date" : "2019-03-26 09:54:33.350",
      "time" : 19,
      "status" : "HTTP/1.1 404 ",
      "statusCode" : 404,
      "raw_text" : "== REQUEST  ==\r\n\r\nPOST http://localhost:8080/actionmall_ex/mgr/user/login.do\r\n\r\n-- HEADERS  --\r\nAccept : application/json,application/xml,application/xhtml+xml,text/html,text/xml,text/plain\r\nContent-Type : application/json; charset=UTF-8\r\n\r\n--   BODY   --\r\naccount=admin01&password=1234\r\n\r\n== RESPONSE ==\r\n\r\nHTTP/1.1 404 \r\n\r\n-- HEADERS  --\r\nContent-Length : 1117\r\nContent-Language : en\r\nDate : Tue, 26 Mar 2019 01:54:33 GMT\r\nContent-Type : text/html;charset=utf-8\r\n\r\n--   BODY   --\r\n<!doctype html><html lang=\"en\"><head><title>HTTP Status 404 – Not Found</title><style type=\"text/css\">h1 {font-family:Tahoma,Arial,sans-serif;color:white;background-color:#525D76;font-size:22px;} h2 {font-family:Tahoma,Arial,sans-serif;color:white;background-color:#525D76;font-size:16px;} h3 {font-family:Tahoma,Arial,sans-serif;color:white;background-color:#525D76;font-size:14px;} body {font-family:Tahoma,Arial,sans-serif;color:black;background-color:white;} b {font-family:Tahoma,Arial,sans-serif;color:white;background-color:#525D76;} p {font-family:Tahoma,Arial,sans-serif;background:white;color:black;font-size:12px;} a {color:black;} a.name {color:black;} .line {height:1px;background-color:#525D76;border:none;}</style></head><body><h1>HTTP Status 404 – Not Found</h1><hr class=\"line\" /><p><b>Type</b> Status Report</p><p><b>Message</b> &#47;actionmall_ex&#47;mgr&#47;user&#47;login.do</p><p><b>Description</b> The origin server did not find a current representation for the target resource or is not willing to disclose that one exists.</p><hr class=\"line\" /><h3>Apache Tomcat/8.5.31</h3></body></html>\r\n"
    }
  }, {
    "key" : "b7739cc6-8be3-4e7c-806e-cbc087692206",
    "descr" : "",
    "assertBdy" : true,
    "result" : null,
    "cause" : null,
    "excludedNodes" : null,
    "request" : {
      "url" : "http://localhost:8080/actionmall_ex/mgr/user/login.do",
      "method" : "POST",
      "body" : "account=admin01&password=1234",
      "date" : "2019-03-26 09:55:21.076",
      "headers" : {
        "Accept" : "application/json,application/xml,application/xhtml+xml,text/html,text/xml,text/plain",
        "Content-Type" : "application/json; charset=UTF-8"
      },
      "cookies" : { }
    },
    "response" : {
      "body" : "<!doctype html><html lang=\"en\"><head><title>HTTP Status 404 – Not Found</title><style type=\"text/css\">h1 {font-family:Tahoma,Arial,sans-serif;color:white;background-color:#525D76;font-size:22px;} h2 {font-family:Tahoma,Arial,sans-serif;color:white;background-color:#525D76;font-size:16px;} h3 {font-family:Tahoma,Arial,sans-serif;color:white;background-color:#525D76;font-size:14px;} body {font-family:Tahoma,Arial,sans-serif;color:black;background-color:white;} b {font-family:Tahoma,Arial,sans-serif;color:white;background-color:#525D76;} p {font-family:Tahoma,Arial,sans-serif;background:white;color:black;font-size:12px;} a {color:black;} a.name {color:black;} .line {height:1px;background-color:#525D76;border:none;}</style></head><body><h1>HTTP Status 404 – Not Found</h1><hr class=\"line\" /><p><b>Type</b> Status Report</p><p><b>Message</b> &#47;actionmall_ex&#47;mgr&#47;user&#47;login.do</p><p><b>Description</b> The origin server did not find a current representation for the target resource or is not willing to disclose that one exists.</p><hr class=\"line\" /><h3>Apache Tomcat/8.5.31</h3></body></html>",
      "headers" : {
        "Content-Length" : "1117",
        "Content-Language" : "en",
        "Date" : "Tue, 26 Mar 2019 01:55:21 GMT",
        "Content-Type" : "text/html;charset=utf-8"
      },
      "date" : "2019-03-26 09:55:21.079",
      "time" : 19,
      "status" : "HTTP/1.1 404 ",
      "statusCode" : 404,
      "raw_text" : "== REQUEST  ==\r\n\r\nPOST http://localhost:8080/actionmall_ex/mgr/user/login.do\r\n\r\n-- HEADERS  --\r\nAccept : application/json,application/xml,application/xhtml+xml,text/html,text/xml,text/plain\r\nContent-Type : application/json; charset=UTF-8\r\n\r\n--   BODY   --\r\naccount=admin01&password=1234\r\n\r\n== RESPONSE ==\r\n\r\nHTTP/1.1 404 \r\n\r\n-- HEADERS  --\r\nContent-Length : 1117\r\nContent-Language : en\r\nDate : Tue, 26 Mar 2019 01:55:21 GMT\r\nContent-Type : text/html;charset=utf-8\r\n\r\n--   BODY   --\r\n<!doctype html><html lang=\"en\"><head><title>HTTP Status 404 – Not Found</title><style type=\"text/css\">h1 {font-family:Tahoma,Arial,sans-serif;color:white;background-color:#525D76;font-size:22px;} h2 {font-family:Tahoma,Arial,sans-serif;color:white;background-color:#525D76;font-size:16px;} h3 {font-family:Tahoma,Arial,sans-serif;color:white;background-color:#525D76;font-size:14px;} body {font-family:Tahoma,Arial,sans-serif;color:black;background-color:white;} b {font-family:Tahoma,Arial,sans-serif;color:white;background-color:#525D76;} p {font-family:Tahoma,Arial,sans-serif;background:white;color:black;font-size:12px;} a {color:black;} a.name {color:black;} .line {height:1px;background-color:#525D76;border:none;}</style></head><body><h1>HTTP Status 404 – Not Found</h1><hr class=\"line\" /><p><b>Type</b> Status Report</p><p><b>Message</b> &#47;actionmall_ex&#47;mgr&#47;user&#47;login.do</p><p><b>Description</b> The origin server did not find a current representation for the target resource or is not willing to disclose that one exists.</p><hr class=\"line\" /><h3>Apache Tomcat/8.5.31</h3></body></html>\r\n"
    }
  }, {
    "key" : "1a69726a-0bb2-4f2f-94ae-ca8c1bc0b84e",
    "descr" : "",
    "assertBdy" : true,
    "result" : null,
    "cause" : null,
    "excludedNodes" : null,
    "request" : {
      "url" : "http://localhost:8080/actionmall/mgr/user/login.do",
      "method" : "POST",
      "body" : "account=admin01&password=1234",
      "date" : "2019-03-26 09:55:40.827",
      "headers" : {
        "Accept" : "application/json,application/xml,application/xhtml+xml,text/html,text/xml,text/plain",
        "Content-Type" : "application/json; charset=UTF-8"
      },
      "cookies" : { }
    },
    "response" : {
      "body" : "<!doctype html><html lang=\"en\"><head><title>HTTP Status 404 – Not Found</title><style type=\"text/css\">h1 {font-family:Tahoma,Arial,sans-serif;color:white;background-color:#525D76;font-size:22px;} h2 {font-family:Tahoma,Arial,sans-serif;color:white;background-color:#525D76;font-size:16px;} h3 {font-family:Tahoma,Arial,sans-serif;color:white;background-color:#525D76;font-size:14px;} body {font-family:Tahoma,Arial,sans-serif;color:black;background-color:white;} b {font-family:Tahoma,Arial,sans-serif;color:white;background-color:#525D76;} p {font-family:Tahoma,Arial,sans-serif;background:white;color:black;font-size:12px;} a {color:black;} a.name {color:black;} .line {height:1px;background-color:#525D76;border:none;}</style></head><body><h1>HTTP Status 404 – Not Found</h1><hr class=\"line\" /><p><b>Type</b> Status Report</p><p><b>Message</b> &#47;actionmall&#47;mgr&#47;user&#47;login.do</p><p><b>Description</b> The origin server did not find a current representation for the target resource or is not willing to disclose that one exists.</p><hr class=\"line\" /><h3>Apache Tomcat/8.5.31</h3></body></html>",
      "headers" : {
        "Content-Length" : "1114",
        "Content-Language" : "en",
        "Date" : "Tue, 26 Mar 2019 01:55:40 GMT",
        "Content-Type" : "text/html;charset=utf-8"
      },
      "date" : "2019-03-26 09:55:40.828",
      "time" : 10,
      "status" : "HTTP/1.1 404 ",
      "statusCode" : 404,
      "raw_text" : "== REQUEST  ==\r\n\r\nPOST http://localhost:8080/actionmall/mgr/user/login.do\r\n\r\n-- HEADERS  --\r\nAccept : application/json,application/xml,application/xhtml+xml,text/html,text/xml,text/plain\r\nContent-Type : application/json; charset=UTF-8\r\n\r\n--   BODY   --\r\naccount=admin01&password=1234\r\n\r\n== RESPONSE ==\r\n\r\nHTTP/1.1 404 \r\n\r\n-- HEADERS  --\r\nContent-Length : 1114\r\nContent-Language : en\r\nDate : Tue, 26 Mar 2019 01:55:40 GMT\r\nContent-Type : text/html;charset=utf-8\r\n\r\n--   BODY   --\r\n<!doctype html><html lang=\"en\"><head><title>HTTP Status 404 – Not Found</title><style type=\"text/css\">h1 {font-family:Tahoma,Arial,sans-serif;color:white;background-color:#525D76;font-size:22px;} h2 {font-family:Tahoma,Arial,sans-serif;color:white;background-color:#525D76;font-size:16px;} h3 {font-family:Tahoma,Arial,sans-serif;color:white;background-color:#525D76;font-size:14px;} body {font-family:Tahoma,Arial,sans-serif;color:black;background-color:white;} b {font-family:Tahoma,Arial,sans-serif;color:white;background-color:#525D76;} p {font-family:Tahoma,Arial,sans-serif;background:white;color:black;font-size:12px;} a {color:black;} a.name {color:black;} .line {height:1px;background-color:#525D76;border:none;}</style></head><body><h1>HTTP Status 404 – Not Found</h1><hr class=\"line\" /><p><b>Type</b> Status Report</p><p><b>Message</b> &#47;actionmall&#47;mgr&#47;user&#47;login.do</p><p><b>Description</b> The origin server did not find a current representation for the target resource or is not willing to disclose that one exists.</p><hr class=\"line\" /><h3>Apache Tomcat/8.5.31</h3></body></html>\r\n"
    }
  }, {
    "key" : "a5c0f97e-19fa-4bd7-aeee-4c6e96115468",
    "descr" : "",
    "assertBdy" : true,
    "result" : null,
    "cause" : null,
    "excludedNodes" : null,
    "request" : {
      "url" : "http://localhost:8080/actionmall_ex/mgr/user/login.do",
      "method" : "POST",
      "body" : "account=admin01&password=1234",
      "date" : "2019-03-26 09:56:15.075",
      "headers" : {
        "Accept" : "application/json,application/xml,application/xhtml+xml,text/html,text/xml,text/plain",
        "Content-Type" : "application/json; charset=UTF-8"
      },
      "cookies" : { }
    },
    "response" : {
      "body" : "<!doctype html><html lang=\"en\"><head><title>HTTP Status 404 – Not Found</title><style type=\"text/css\">h1 {font-family:Tahoma,Arial,sans-serif;color:white;background-color:#525D76;font-size:22px;} h2 {font-family:Tahoma,Arial,sans-serif;color:white;background-color:#525D76;font-size:16px;} h3 {font-family:Tahoma,Arial,sans-serif;color:white;background-color:#525D76;font-size:14px;} body {font-family:Tahoma,Arial,sans-serif;color:black;background-color:white;} b {font-family:Tahoma,Arial,sans-serif;color:white;background-color:#525D76;} p {font-family:Tahoma,Arial,sans-serif;background:white;color:black;font-size:12px;} a {color:black;} a.name {color:black;} .line {height:1px;background-color:#525D76;border:none;}</style></head><body><h1>HTTP Status 404 – Not Found</h1><hr class=\"line\" /><p><b>Type</b> Status Report</p><p><b>Message</b> &#47;actionmall_ex&#47;mgr&#47;user&#47;login.do</p><p><b>Description</b> The origin server did not find a current representation for the target resource or is not willing to disclose that one exists.</p><hr class=\"line\" /><h3>Apache Tomcat/8.5.31</h3></body></html>",
      "headers" : {
        "Content-Length" : "1117",
        "Content-Language" : "en",
        "Date" : "Tue, 26 Mar 2019 01:56:15 GMT",
        "Content-Type" : "text/html;charset=utf-8"
      },
      "date" : "2019-03-26 09:56:15.077",
      "time" : 19,
      "status" : "HTTP/1.1 404 ",
      "statusCode" : 404,
      "raw_text" : "== REQUEST  ==\r\n\r\nPOST http://localhost:8080/actionmall_ex/mgr/user/login.do\r\n\r\n-- HEADERS  --\r\nAccept : application/json,application/xml,application/xhtml+xml,text/html,text/xml,text/plain\r\nContent-Type : application/json; charset=UTF-8\r\n\r\n--   BODY   --\r\naccount=admin01&password=1234\r\n\r\n== RESPONSE ==\r\n\r\nHTTP/1.1 404 \r\n\r\n-- HEADERS  --\r\nContent-Length : 1117\r\nContent-Language : en\r\nDate : Tue, 26 Mar 2019 01:56:15 GMT\r\nContent-Type : text/html;charset=utf-8\r\n\r\n--   BODY   --\r\n<!doctype html><html lang=\"en\"><head><title>HTTP Status 404 – Not Found</title><style type=\"text/css\">h1 {font-family:Tahoma,Arial,sans-serif;color:white;background-color:#525D76;font-size:22px;} h2 {font-family:Tahoma,Arial,sans-serif;color:white;background-color:#525D76;font-size:16px;} h3 {font-family:Tahoma,Arial,sans-serif;color:white;background-color:#525D76;font-size:14px;} body {font-family:Tahoma,Arial,sans-serif;color:black;background-color:white;} b {font-family:Tahoma,Arial,sans-serif;color:white;background-color:#525D76;} p {font-family:Tahoma,Arial,sans-serif;background:white;color:black;font-size:12px;} a {color:black;} a.name {color:black;} .line {height:1px;background-color:#525D76;border:none;}</style></head><body><h1>HTTP Status 404 – Not Found</h1><hr class=\"line\" /><p><b>Type</b> Status Report</p><p><b>Message</b> &#47;actionmall_ex&#47;mgr&#47;user&#47;login.do</p><p><b>Description</b> The origin server did not find a current representation for the target resource or is not willing to disclose that one exists.</p><hr class=\"line\" /><h3>Apache Tomcat/8.5.31</h3></body></html>\r\n"
    }
  }, {
    "key" : "d76e93b6-9390-4ca9-ba5b-cee6410ff471",
    "descr" : "",
    "assertBdy" : true,
    "result" : null,
    "cause" : null,
    "excludedNodes" : null,
    "request" : {
      "url" : "http://localhost:8080/actionmall_ex/mgr/user/login.do",
      "method" : "POST",
      "body" : "account=admin01&password=1234",
      "date" : "2019-03-26 09:57:37.651",
      "headers" : {
        "Accept" : "application/json,application/xml,application/xhtml+xml,text/html,text/xml,text/plain",
        "Content-Type" : "application/json; charset=UTF-8"
      },
      "cookies" : { }
    },
    "response" : {
      "body" : "<!doctype html><html lang=\"en\"><head><title>HTTP Status 404 – Not Found</title><style type=\"text/css\">h1 {font-family:Tahoma,Arial,sans-serif;color:white;background-color:#525D76;font-size:22px;} h2 {font-family:Tahoma,Arial,sans-serif;color:white;background-color:#525D76;font-size:16px;} h3 {font-family:Tahoma,Arial,sans-serif;color:white;background-color:#525D76;font-size:14px;} body {font-family:Tahoma,Arial,sans-serif;color:black;background-color:white;} b {font-family:Tahoma,Arial,sans-serif;color:white;background-color:#525D76;} p {font-family:Tahoma,Arial,sans-serif;background:white;color:black;font-size:12px;} a {color:black;} a.name {color:black;} .line {height:1px;background-color:#525D76;border:none;}</style></head><body><h1>HTTP Status 404 – Not Found</h1><hr class=\"line\" /><p><b>Type</b> Status Report</p><p><b>Message</b> &#47;actionmall_ex&#47;mgr&#47;user&#47;login.do</p><p><b>Description</b> The origin server did not find a current representation for the target resource or is not willing to disclose that one exists.</p><hr class=\"line\" /><h3>Apache Tomcat/8.5.31</h3></body></html>",
      "headers" : {
        "Content-Length" : "1117",
        "Content-Language" : "en",
        "Date" : "Tue, 26 Mar 2019 01:57:37 GMT",
        "Content-Type" : "text/html;charset=utf-8"
      },
      "date" : "2019-03-26 09:57:37.653",
      "time" : 19,
      "status" : "HTTP/1.1 404 ",
      "statusCode" : 404,
      "raw_text" : "== REQUEST  ==\r\n\r\nPOST http://localhost:8080/actionmall_ex/mgr/user/login.do\r\n\r\n-- HEADERS  --\r\nAccept : application/json,application/xml,application/xhtml+xml,text/html,text/xml,text/plain\r\nContent-Type : application/json; charset=UTF-8\r\n\r\n--   BODY   --\r\naccount=admin01&password=1234\r\n\r\n== RESPONSE ==\r\n\r\nHTTP/1.1 404 \r\n\r\n-- HEADERS  --\r\nContent-Length : 1117\r\nContent-Language : en\r\nDate : Tue, 26 Mar 2019 01:57:37 GMT\r\nContent-Type : text/html;charset=utf-8\r\n\r\n--   BODY   --\r\n<!doctype html><html lang=\"en\"><head><title>HTTP Status 404 – Not Found</title><style type=\"text/css\">h1 {font-family:Tahoma,Arial,sans-serif;color:white;background-color:#525D76;font-size:22px;} h2 {font-family:Tahoma,Arial,sans-serif;color:white;background-color:#525D76;font-size:16px;} h3 {font-family:Tahoma,Arial,sans-serif;color:white;background-color:#525D76;font-size:14px;} body {font-family:Tahoma,Arial,sans-serif;color:black;background-color:white;} b {font-family:Tahoma,Arial,sans-serif;color:white;background-color:#525D76;} p {font-family:Tahoma,Arial,sans-serif;background:white;color:black;font-size:12px;} a {color:black;} a.name {color:black;} .line {height:1px;background-color:#525D76;border:none;}</style></head><body><h1>HTTP Status 404 – Not Found</h1><hr class=\"line\" /><p><b>Type</b> Status Report</p><p><b>Message</b> &#47;actionmall_ex&#47;mgr&#47;user&#47;login.do</p><p><b>Description</b> The origin server did not find a current representation for the target resource or is not willing to disclose that one exists.</p><hr class=\"line\" /><h3>Apache Tomcat/8.5.31</h3></body></html>\r\n"
    }
  }, {
    "key" : "0f7f4a8f-f013-4518-bd60-6659b6e1d427",
    "descr" : "",
    "assertBdy" : true,
    "result" : null,
    "cause" : null,
    "excludedNodes" : null,
    "request" : {
      "url" : "http://localhost:8080/actionmall_ex/mgr/user/login.do",
      "method" : "POST",
      "body" : "account=admin01&password=1234",
      "date" : "2019-03-26 09:58:01.594",
      "headers" : {
        "Accept" : "application/json,application/xml,application/xhtml+xml,text/html,text/xml,text/plain",
        "Content-Type" : "application/json; charset=UTF-8"
      },
      "cookies" : { }
    },
    "response" : {
      "body" : "<!doctype html><html lang=\"en\"><head><title>HTTP Status 404 – Not Found</title><style type=\"text/css\">h1 {font-family:Tahoma,Arial,sans-serif;color:white;background-color:#525D76;font-size:22px;} h2 {font-family:Tahoma,Arial,sans-serif;color:white;background-color:#525D76;font-size:16px;} h3 {font-family:Tahoma,Arial,sans-serif;color:white;background-color:#525D76;font-size:14px;} body {font-family:Tahoma,Arial,sans-serif;color:black;background-color:white;} b {font-family:Tahoma,Arial,sans-serif;color:white;background-color:#525D76;} p {font-family:Tahoma,Arial,sans-serif;background:white;color:black;font-size:12px;} a {color:black;} a.name {color:black;} .line {height:1px;background-color:#525D76;border:none;}</style></head><body><h1>HTTP Status 404 – Not Found</h1><hr class=\"line\" /><p><b>Type</b> Status Report</p><p><b>Message</b> &#47;actionmall_ex&#47;mgr&#47;user&#47;login.do</p><p><b>Description</b> The origin server did not find a current representation for the target resource or is not willing to disclose that one exists.</p><hr class=\"line\" /><h3>Apache Tomcat/8.5.31</h3></body></html>",
      "headers" : {
        "Content-Length" : "1117",
        "Content-Language" : "en",
        "Date" : "Tue, 26 Mar 2019 01:58:01 GMT",
        "Content-Type" : "text/html;charset=utf-8"
      },
      "date" : "2019-03-26 09:58:01.597",
      "time" : 17,
      "status" : "HTTP/1.1 404 ",
      "statusCode" : 404,
      "raw_text" : "== REQUEST  ==\r\n\r\nPOST http://localhost:8080/actionmall_ex/mgr/user/login.do\r\n\r\n-- HEADERS  --\r\nAccept : application/json,application/xml,application/xhtml+xml,text/html,text/xml,text/plain\r\nContent-Type : application/json; charset=UTF-8\r\n\r\n--   BODY   --\r\naccount=admin01&password=1234\r\n\r\n== RESPONSE ==\r\n\r\nHTTP/1.1 404 \r\n\r\n-- HEADERS  --\r\nContent-Length : 1117\r\nContent-Language : en\r\nDate : Tue, 26 Mar 2019 01:58:01 GMT\r\nContent-Type : text/html;charset=utf-8\r\n\r\n--   BODY   --\r\n<!doctype html><html lang=\"en\"><head><title>HTTP Status 404 – Not Found</title><style type=\"text/css\">h1 {font-family:Tahoma,Arial,sans-serif;color:white;background-color:#525D76;font-size:22px;} h2 {font-family:Tahoma,Arial,sans-serif;color:white;background-color:#525D76;font-size:16px;} h3 {font-family:Tahoma,Arial,sans-serif;color:white;background-color:#525D76;font-size:14px;} body {font-family:Tahoma,Arial,sans-serif;color:black;background-color:white;} b {font-family:Tahoma,Arial,sans-serif;color:white;background-color:#525D76;} p {font-family:Tahoma,Arial,sans-serif;background:white;color:black;font-size:12px;} a {color:black;} a.name {color:black;} .line {height:1px;background-color:#525D76;border:none;}</style></head><body><h1>HTTP Status 404 – Not Found</h1><hr class=\"line\" /><p><b>Type</b> Status Report</p><p><b>Message</b> &#47;actionmall_ex&#47;mgr&#47;user&#47;login.do</p><p><b>Description</b> The origin server did not find a current representation for the target resource or is not willing to disclose that one exists.</p><hr class=\"line\" /><h3>Apache Tomcat/8.5.31</h3></body></html>\r\n"
    }
  }, {
    "key" : "a531d5ba-44fa-4732-b221-44ddca01eefc",
    "descr" : "",
    "assertBdy" : true,
    "result" : null,
    "cause" : null,
    "excludedNodes" : null,
    "request" : {
      "url" : "http://localhost:8080/actionmall_ex/mgr/user//login.do",
      "method" : "POST",
      "body" : "account=admin01&password=1234",
      "date" : "2019-03-26 09:59:53.474",
      "headers" : {
        "Accept" : "application/json,application/xml,application/xhtml+xml,text/html,text/xml,text/plain",
        "Content-Type" : "application/json; charset=UTF-8"
      },
      "cookies" : { }
    },
    "response" : {
      "body" : "<!doctype html><html lang=\"en\"><head><title>HTTP Status 404 – Not Found</title><style type=\"text/css\">h1 {font-family:Tahoma,Arial,sans-serif;color:white;background-color:#525D76;font-size:22px;} h2 {font-family:Tahoma,Arial,sans-serif;color:white;background-color:#525D76;font-size:16px;} h3 {font-family:Tahoma,Arial,sans-serif;color:white;background-color:#525D76;font-size:14px;} body {font-family:Tahoma,Arial,sans-serif;color:black;background-color:white;} b {font-family:Tahoma,Arial,sans-serif;color:white;background-color:#525D76;} p {font-family:Tahoma,Arial,sans-serif;background:white;color:black;font-size:12px;} a {color:black;} a.name {color:black;} .line {height:1px;background-color:#525D76;border:none;}</style></head><body><h1>HTTP Status 404 – Not Found</h1><hr class=\"line\" /><p><b>Type</b> Status Report</p><p><b>Message</b> &#47;actionmall_ex&#47;mgr&#47;user&#47;&#47;login.do</p><p><b>Description</b> The origin server did not find a current representation for the target resource or is not willing to disclose that one exists.</p><hr class=\"line\" /><h3>Apache Tomcat/8.5.31</h3></body></html>",
      "headers" : {
        "Content-Length" : "1122",
        "Content-Language" : "en",
        "Date" : "Tue, 26 Mar 2019 01:59:53 GMT",
        "Content-Type" : "text/html;charset=utf-8"
      },
      "date" : "2019-03-26 09:59:53.477",
      "time" : 20,
      "status" : "HTTP/1.1 404 ",
      "statusCode" : 404,
      "raw_text" : "== REQUEST  ==\r\n\r\nPOST http://localhost:8080/actionmall_ex/mgr/user//login.do\r\n\r\n-- HEADERS  --\r\nAccept : application/json,application/xml,application/xhtml+xml,text/html,text/xml,text/plain\r\nContent-Type : application/json; charset=UTF-8\r\n\r\n--   BODY   --\r\naccount=admin01&password=1234\r\n\r\n== RESPONSE ==\r\n\r\nHTTP/1.1 404 \r\n\r\n-- HEADERS  --\r\nContent-Length : 1122\r\nContent-Language : en\r\nDate : Tue, 26 Mar 2019 01:59:53 GMT\r\nContent-Type : text/html;charset=utf-8\r\n\r\n--   BODY   --\r\n<!doctype html><html lang=\"en\"><head><title>HTTP Status 404 – Not Found</title><style type=\"text/css\">h1 {font-family:Tahoma,Arial,sans-serif;color:white;background-color:#525D76;font-size:22px;} h2 {font-family:Tahoma,Arial,sans-serif;color:white;background-color:#525D76;font-size:16px;} h3 {font-family:Tahoma,Arial,sans-serif;color:white;background-color:#525D76;font-size:14px;} body {font-family:Tahoma,Arial,sans-serif;color:black;background-color:white;} b {font-family:Tahoma,Arial,sans-serif;color:white;background-color:#525D76;} p {font-family:Tahoma,Arial,sans-serif;background:white;color:black;font-size:12px;} a {color:black;} a.name {color:black;} .line {height:1px;background-color:#525D76;border:none;}</style></head><body><h1>HTTP Status 404 – Not Found</h1><hr class=\"line\" /><p><b>Type</b> Status Report</p><p><b>Message</b> &#47;actionmall_ex&#47;mgr&#47;user&#47;&#47;login.do</p><p><b>Description</b> The origin server did not find a current representation for the target resource or is not willing to disclose that one exists.</p><hr class=\"line\" /><h3>Apache Tomcat/8.5.31</h3></body></html>\r\n"
    }
  }, {
    "key" : "ac70ae8b-ff5d-489d-8ec2-419d742e02a1",
    "descr" : "",
    "assertBdy" : true,
    "result" : null,
    "cause" : null,
    "excludedNodes" : null,
    "request" : {
      "url" : "http://localhost:8080/actionmall_ex/mgr/user//login.do",
      "method" : "POST",
      "body" : "account=admin01&password=1234",
      "date" : "2019-03-26 10:00:14.251",
      "headers" : {
        "Accept" : "application/json,application/xml,application/xhtml+xml,text/html,text/xml,text/plain",
        "Content-Type" : "application/x-www-form-urlencoded; charset=UTF-8"
      },
      "cookies" : { }
    },
    "response" : {
      "body" : "<!doctype html><html lang=\"en\"><head><title>HTTP Status 404 – Not Found</title><style type=\"text/css\">h1 {font-family:Tahoma,Arial,sans-serif;color:white;background-color:#525D76;font-size:22px;} h2 {font-family:Tahoma,Arial,sans-serif;color:white;background-color:#525D76;font-size:16px;} h3 {font-family:Tahoma,Arial,sans-serif;color:white;background-color:#525D76;font-size:14px;} body {font-family:Tahoma,Arial,sans-serif;color:black;background-color:white;} b {font-family:Tahoma,Arial,sans-serif;color:white;background-color:#525D76;} p {font-family:Tahoma,Arial,sans-serif;background:white;color:black;font-size:12px;} a {color:black;} a.name {color:black;} .line {height:1px;background-color:#525D76;border:none;}</style></head><body><h1>HTTP Status 404 – Not Found</h1><hr class=\"line\" /><p><b>Type</b> Status Report</p><p><b>Message</b> &#47;actionmall_ex&#47;mgr&#47;user&#47;&#47;login.do</p><p><b>Description</b> The origin server did not find a current representation for the target resource or is not willing to disclose that one exists.</p><hr class=\"line\" /><h3>Apache Tomcat/8.5.31</h3></body></html>",
      "headers" : {
        "Content-Length" : "1122",
        "Content-Language" : "en",
        "Date" : "Tue, 26 Mar 2019 02:00:14 GMT",
        "Content-Type" : "text/html;charset=utf-8"
      },
      "date" : "2019-03-26 10:00:14.254",
      "time" : 14,
      "status" : "HTTP/1.1 404 ",
      "statusCode" : 404,
      "raw_text" : "== REQUEST  ==\r\n\r\nPOST http://localhost:8080/actionmall_ex/mgr/user//login.do\r\n\r\n-- HEADERS  --\r\nAccept : application/json,application/xml,application/xhtml+xml,text/html,text/xml,text/plain\r\nContent-Type : application/x-www-form-urlencoded; charset=UTF-8\r\n\r\n--   BODY   --\r\naccount=admin01&password=1234\r\n\r\n== RESPONSE ==\r\n\r\nHTTP/1.1 404 \r\n\r\n-- HEADERS  --\r\nContent-Length : 1122\r\nContent-Language : en\r\nDate : Tue, 26 Mar 2019 02:00:14 GMT\r\nContent-Type : text/html;charset=utf-8\r\n\r\n--   BODY   --\r\n<!doctype html><html lang=\"en\"><head><title>HTTP Status 404 – Not Found</title><style type=\"text/css\">h1 {font-family:Tahoma,Arial,sans-serif;color:white;background-color:#525D76;font-size:22px;} h2 {font-family:Tahoma,Arial,sans-serif;color:white;background-color:#525D76;font-size:16px;} h3 {font-family:Tahoma,Arial,sans-serif;color:white;background-color:#525D76;font-size:14px;} body {font-family:Tahoma,Arial,sans-serif;color:black;background-color:white;} b {font-family:Tahoma,Arial,sans-serif;color:white;background-color:#525D76;} p {font-family:Tahoma,Arial,sans-serif;background:white;color:black;font-size:12px;} a {color:black;} a.name {color:black;} .line {height:1px;background-color:#525D76;border:none;}</style></head><body><h1>HTTP Status 404 – Not Found</h1><hr class=\"line\" /><p><b>Type</b> Status Report</p><p><b>Message</b> &#47;actionmall_ex&#47;mgr&#47;user&#47;&#47;login.do</p><p><b>Description</b> The origin server did not find a current representation for the target resource or is not willing to disclose that one exists.</p><hr class=\"line\" /><h3>Apache Tomcat/8.5.31</h3></body></html>\r\n"
    }
  }, {
    "key" : "86ba43e3-c797-43e9-a057-18cca9a0f4c4",
    "descr" : "",
    "assertBdy" : true,
    "result" : null,
    "cause" : null,
    "excludedNodes" : null,
    "request" : {
      "url" : "http://localhost:8080/actionmall/mgr/user//login.do",
      "method" : "POST",
      "body" : "account=admin01&password=1234",
      "date" : "2019-03-26 10:06:34.721",
      "headers" : {
        "Accept" : "application/json,application/xml,application/xhtml+xml,text/html,text/xml,text/plain",
        "Content-Type" : "application/x-www-form-urlencoded; charset=UTF-8"
      },
      "cookies" : { }
    },
    "response" : {
      "body" : "<!doctype html><html lang=\"en\"><head><title>HTTP Status 404 – Not Found</title><style type=\"text/css\">h1 {font-family:Tahoma,Arial,sans-serif;color:white;background-color:#525D76;font-size:22px;} h2 {font-family:Tahoma,Arial,sans-serif;color:white;background-color:#525D76;font-size:16px;} h3 {font-family:Tahoma,Arial,sans-serif;color:white;background-color:#525D76;font-size:14px;} body {font-family:Tahoma,Arial,sans-serif;color:black;background-color:white;} b {font-family:Tahoma,Arial,sans-serif;color:white;background-color:#525D76;} p {font-family:Tahoma,Arial,sans-serif;background:white;color:black;font-size:12px;} a {color:black;} a.name {color:black;} .line {height:1px;background-color:#525D76;border:none;}</style></head><body><h1>HTTP Status 404 – Not Found</h1><hr class=\"line\" /><p><b>Type</b> Status Report</p><p><b>Message</b> &#47;actionmall&#47;mgr&#47;user&#47;&#47;login.do</p><p><b>Description</b> The origin server did not find a current representation for the target resource or is not willing to disclose that one exists.</p><hr class=\"line\" /><h3>Apache Tomcat/8.5.31</h3></body></html>",
      "headers" : {
        "Content-Length" : "1119",
        "Content-Language" : "en",
        "Date" : "Tue, 26 Mar 2019 02:06:34 GMT",
        "Content-Type" : "text/html;charset=utf-8"
      },
      "date" : "2019-03-26 10:06:34.722",
      "time" : 17,
      "status" : "HTTP/1.1 404 ",
      "statusCode" : 404,
      "raw_text" : "== REQUEST  ==\r\n\r\nPOST http://localhost:8080/actionmall/mgr/user//login.do\r\n\r\n-- HEADERS  --\r\nAccept : application/json,application/xml,application/xhtml+xml,text/html,text/xml,text/plain\r\nContent-Type : application/x-www-form-urlencoded; charset=UTF-8\r\n\r\n--   BODY   --\r\naccount=admin01&password=1234\r\n\r\n== RESPONSE ==\r\n\r\nHTTP/1.1 404 \r\n\r\n-- HEADERS  --\r\nContent-Length : 1119\r\nContent-Language : en\r\nDate : Tue, 26 Mar 2019 02:06:34 GMT\r\nContent-Type : text/html;charset=utf-8\r\n\r\n--   BODY   --\r\n<!doctype html><html lang=\"en\"><head><title>HTTP Status 404 – Not Found</title><style type=\"text/css\">h1 {font-family:Tahoma,Arial,sans-serif;color:white;background-color:#525D76;font-size:22px;} h2 {font-family:Tahoma,Arial,sans-serif;color:white;background-color:#525D76;font-size:16px;} h3 {font-family:Tahoma,Arial,sans-serif;color:white;background-color:#525D76;font-size:14px;} body {font-family:Tahoma,Arial,sans-serif;color:black;background-color:white;} b {font-family:Tahoma,Arial,sans-serif;color:white;background-color:#525D76;} p {font-family:Tahoma,Arial,sans-serif;background:white;color:black;font-size:12px;} a {color:black;} a.name {color:black;} .line {height:1px;background-color:#525D76;border:none;}</style></head><body><h1>HTTP Status 404 – Not Found</h1><hr class=\"line\" /><p><b>Type</b> Status Report</p><p><b>Message</b> &#47;actionmall&#47;mgr&#47;user&#47;&#47;login.do</p><p><b>Description</b> The origin server did not find a current representation for the target resource or is not willing to disclose that one exists.</p><hr class=\"line\" /><h3>Apache Tomcat/8.5.31</h3></body></html>\r\n"
    }
  } ]
}