<?xml version="1.0" encoding="UTF-8" ?>
<beans xmlns="http://www.springframework.org/schema/beans"
       xmlns:xsi="http://www.w3.org/2001/XMLSchema-instance"
       xmlns:p="http://www.springframework.org/schema/p"
       xmlns:context="http://www.springframework.org/schema/context"
       xmlns:mvc="http://www.springframework.org/schema/mvc"
       xmlns:aop="http://www.springframework.org/schema/aop"
       xsi:schemaLocation="http://www.springframework.org/schema/beans
       http://www.springframework.org/schema/beans/spring-beans-4.0.xsd
       http://www.springframework.org/schema/context
       http://www.springframework.org/schema/context/spring-context-4.0.xsd
       http://www.springframework.org/schema/aop
       http://www.springframework.org/schema/aop/spring-aop.xsd
        http://www.springframework.org/schema/mvc
        http://www.springframework.org/schema/mvc/spring-mvc-3.0.xsd ">

    <context:component-scan base-package="com.withstars.controller"/>

    <aop:aspectj-autoproxy/>
    <aop:aspectj-autoproxy proxy-target-class="true"/>
    <context:component-scan base-package="com.withstars.aop" />


    <bean
            class="org.springframework.web.servlet.view.InternalResourceViewResolver"
            p:viewClass="org.springframework.web.servlet.view.JstlView"
            p:prefix="/WEB-INF/jsp/"
            p:suffix=".jsp" />

    <!-- SpringMVC上传文件时，需要配置MultipartResolver处理器 -->
    <bean id="multipartResolver" class="org.springframework.web.multipart.commons.CommonsMultipartResolver">
        <property name="defaultEncoding" value="UTF-8"/>
        <!-- 指定所上传文件的总大小不能超过200KB。注意maxUploadSize属性的限制不是针对单个文件，而是所有文件的容量之和 -->
        <property name="maxUploadSize" value="2000000"/>
    </bean>

    <!-- SpringMVC在超出上传文件限制时，会抛出org.springframework.web.multipart.MaxUploadSizeExceededException -->
    <!-- 该异常是SpringMVC在检查上传的文件信息时抛出来的，而且此时还没有进入到Controller方法中 -->
    <bean id="exceptionResolver" class="org.springframework.web.servlet.handler.SimpleMappingExceptionResolver">
        <property name="exceptionMappings">
            <props>
                <!-- 遇到MaxUploadSizeExceededException异常时，自动跳转到/WEB-INF/ftl/common/error_fileupload.ftl页面 -->
                <prop key="org.springframework.web.multipart.MaxUploadSizeExceededException">/common/error_fileupload</prop>
            </props>
        </property>
    </bean>

    <!--设置配置方案 -->
    <mvc:annotation-driven />
    <!-- 配置静态资源 -->
    <mvc:resources location="/static/img/" mapping="/img/**" />
    <mvc:resources location="/static/js/" mapping="/js/**" />
    <mvc:resources location="/static/css/" mapping="/css/**" />



</beans>