<?xml version="1.0" encoding="UTF-8" ?>
<!DOCTYPE mapper PUBLIC "-//mybatis.org//DTD Mapper 3.0//EN" "http://mybatis.org/dtd/mybatis-3-mapper.dtd" >
<mapper namespace="com.withstars.dao.LoginLogMapper" >
  <resultMap id="BaseResultMap" type="com.withstars.domain.LoginLog" >
    <id column="id" property="id" jdbcType="BIGINT" />
    <result column="user_id" property="userId" jdbcType="INTEGER" />
    <result column="login_time" property="loginTime" jdbcType="TIMESTAMP" />
    <result column="ip" property="ip" jdbcType="VARCHAR" />
    <result column="device" property="device" jdbcType="VARCHAR" />
  </resultMap>
  <sql id="Base_Column_List" >
    id, user_id, login_time, ip, device
  </sql>
  <select id="selectByPrimaryKey" resultMap="BaseResultMap" parameterType="java.lang.Long" >
    select 
    <include refid="Base_Column_List" />
    from login_log
    where id = #{id,jdbcType=BIGINT}
  </select>
  <delete id="deleteByPrimaryKey" parameterType="java.lang.Long" >
    delete from login_log
    where id = #{id,jdbcType=BIGINT}
  </delete>
  <insert id="insert" parameterType="com.withstars.domain.LoginLog" >
    insert into login_log (user_id, login_time,
      ip, device)
    values (#{userId,jdbcType=INTEGER}, #{loginTime,jdbcType=TIMESTAMP},
      #{ip,jdbcType=VARCHAR}, #{device,jdbcType=VARCHAR})
  </insert>
  <insert id="insertSelective" parameterType="com.withstars.domain.LoginLog" >
    insert into login_log
    <trim prefix="(" suffix=")" suffixOverrides="," >
      <if test="id != null" >
        id,
      </if>
      <if test="userId != null" >
        user_id,
      </if>
      <if test="loginTime != null" >
        login_time,
      </if>
      <if test="ip != null" >
        ip,
      </if>
      <if test="device != null" >
        device,
      </if>
    </trim>
    <trim prefix="values (" suffix=")" suffixOverrides="," >
      <if test="id != null" >
        #{id,jdbcType=BIGINT},
      </if>
      <if test="userId != null" >
        #{userId,jdbcType=INTEGER},
      </if>
      <if test="loginTime != null" >
        #{loginTime,jdbcType=TIMESTAMP},
      </if>
      <if test="ip != null" >
        #{ip,jdbcType=VARCHAR},
      </if>
      <if test="device != null" >
        #{device,jdbcType=VARCHAR},
      </if>
    </trim>
  </insert>
  <update id="updateByPrimaryKeySelective" parameterType="com.withstars.domain.LoginLog" >
    update login_log
    <set >
      <if test="userId != null" >
        user_id = #{userId,jdbcType=INTEGER},
      </if>
      <if test="loginTime != null" >
        login_time = #{loginTime,jdbcType=TIMESTAMP},
      </if>
      <if test="ip != null" >
        ip = #{ip,jdbcType=VARCHAR},
      </if>
      <if test="device != null" >
        device = #{device,jdbcType=VARCHAR},
      </if>
    </set>
    where id = #{id,jdbcType=BIGINT}
  </update>
  <update id="updateByPrimaryKey" parameterType="com.withstars.domain.LoginLog" >
    update login_log
    set user_id = #{userId,jdbcType=INTEGER},
      login_time = #{loginTime,jdbcType=TIMESTAMP},
      ip = #{ip,jdbcType=VARCHAR},
      device = #{device,jdbcType=VARCHAR}
    where id = #{id,jdbcType=BIGINT}
  </update>
</mapper>