<?xml version="1.0" encoding="UTF-8" ?>
<!DOCTYPE configuration
        PUBLIC "-//mybatis.org//DTD Config 3.0//EN"
        "http://mybatis.org/dtd/mybatis-3-config.dtd">
<configuration>

    <!-- 配置全局属性 -->
    <settings>
        <!-- 使用jdbc的getGeneratedKeys获取数据库自增主键值 -->
        <setting name="useGeneratedKeys" value="true" />
        <!-- 使用列别名替换列名 默认:true -->
        <setting name="useColumnLabel" value="true" />
        <!-- 开启驼峰命名转换:Table{create_time} -> Entity{createTime} -->
        <setting name="mapUnderscoreToCamelCase" value="true" />
        <!-- 日志开启 -->
        <setting name="logImpl" value="LOG4J"/>
        <!-- 二级缓存开启 -->
        <setting name="cacheEnabled" value="true"/>
        <setting name="lazyLoadingEnabled" value="false"/>
        <setting name="aggressiveLazyLoading" value="true"/>
    </settings>

    <plugins>
        <!-- com.github.pagehelper为PageHelper类所在包名 -->
        <plugin interceptor="com.github.pagehelper.PageInterceptor">
            <!-- 使用下面的方式配置参数，后面会有所有的参数介绍 -->
            <property name="helperDialect" value="mysql"/>
        </plugin>
    </plugins>
</configuration>